CommissionRef,Trialref,Commbody,Commtype
CO/JO/798,T/JO/944,Privy Council,Justiciary
CO/JO/799,T/JO/945,Privy Council,Justiciary
CO/JO/800,T/JO/946,Privy Council,Justiciary
CO/JO/801,T/JO/947,Privy Council,Justiciary
CO/JO/802,T/JO/948,Privy Council,Justiciary
CO/JO/803,T/JO/949,Privy Council,Justiciary
CO/JO/804,T/JO/950,Privy Council,Justiciary
CO/JO/805,T/JO/950,Privy Council,Justiciary
CO/JO/806,T/JO/951,Privy Council,Justiciary
CO/JO/807,T/JO/952,Privy Council,Justiciary
CO/JO/808,T/JO/952,Privy Council,Justiciary
CO/JO/809,T/JO/951,Privy Council,Justiciary
CO/JO/810,T/JO/953,Privy Council,Justiciary
CO/JO/811,T/JO/953,Privy Council,Justiciary
CO/JO/812,T/JO/954,Privy Council,Justiciary
CO/JO/813,T/JO/955,Privy Council,Justiciary
CO/JO/814,T/JO/956,Privy Council,Justiciary
CO/JO/815,T/JO/957,Privy Council,Justiciary
CO/JO/816,T/JO/958,Privy Council,Justiciary
CO/JO/817,T/JO/959,Privy Council,Justiciary
CO/JO/818,T/JO/960,Privy Council,Justiciary
CO/JO/819,T/JO/961,Privy Council,Justiciary
CO/JO/820,T/JO/962,Privy Council,Justiciary
CO/JO/821,T/JO/963,Privy Council,Justiciary
CO/JO/822,T/JO/964,Privy Council,Justiciary
CO/JO/823,T/JO/965,Privy Council,Justiciary
CO/JO/824,T/JO/969,Privy Council,Justiciary
CO/JO/825,T/JO/969,Privy Council,Release
CO/JO/826,T/JO/970,Privy Council,Justiciary
CO/JO/827,T/JO/970,Privy Council,Release
CO/JO/828,T/JO/971,Privy Council,Justiciary
CO/JO/829,T/JO/972,Privy Council,Justiciary
CO/JO/830,T/JO/973,Privy Council,Justiciary
CO/JO/831,T/JO/974,Privy Council,Justiciary
CO/JO/832,T/JO/975,Privy Council,Justiciary
CO/JO/833,T/JO/976,Privy Council,Justiciary
CO/JO/1,T/JO/1,Royal Commision - Unknown Origin,Arrest
CO/JO/1000,T/JO/1706,Parliamentary,Arrest
CO/JO/1001,T/JO/1707,Parliamentary,Justiciary
CO/JO/1002,T/JO/1708,Parliamentary,Justiciary
CO/JO/1003,T/JO/1709,Parliamentary,Justiciary
CO/JO/1004,T/JO/1710,Parliamentary,Justiciary
CO/JO/1005,T/JO/1711,Parliamentary,Justiciary
CO/JO/1006,T/JO/1712,Parliamentary,Justiciary
CO/JO/1007,T/JO/1713,Parliamentary,Justiciary
CO/JO/1008,T/JO/1789,Parliamentary,Justiciary
CO/JO/1009,T/JO/1790,Parliamentary,Justiciary
CO/JO/1010,T/JO/1791,Parliamentary,Justiciary
CO/JO/1011,T/LA/326,Parliamentary,Justiciary
CO/JO/1012,T/JO/1792,Parliamentary,Justiciary
CO/JO/1013,T/JO/1632,Parliamentary,Justiciary
CO/JO/1014,T/JO/1793,Parliamentary,Justiciary
CO/JO/1015,T/JO/1794,Parliamentary,Justiciary
CO/JO/1016,T/JO/1795,Parliamentary,Justiciary
CO/JO/1017,T/JO/1796,Parliamentary,Justiciary
CO/JO/1018,T/JO/1797,Parliamentary,Justiciary
CO/JO/1019,T/JO/1798,Parliamentary,Justiciary
CO/JO/1020,T/JO/1799,Parliamentary,Justiciary
CO/JO/1021,T/JO/1799,Parliamentary,Justiciary
CO/JO/1022,T/JO/1713,Parliamentary,Justiciary
CO/JO/1023,T/JO/1789,Parliamentary,Justiciary
CO/JO/1024,T/JO/1712,Parliamentary,Justiciary
CO/JO/1025,T/JO/1790,Parliamentary,Justiciary
CO/JO/1026,T/JO/1791,Parliamentary,Justiciary
CO/JO/1027,T/JO/1800,Parliamentary,Justiciary
CO/JO/1028,T/JO/1801,Parliamentary,Justiciary
CO/JO/1029,T/JO/1802,Parliamentary,Interrogation and Arrest
CO/JO/1030,T/JO/1803,Parliamentary,Interrogation and Arrest
CO/JO/1031,T/JO/1804,Parliamentary,Interrogation and Arrest
CO/JO/1032,T/JO/1797,Parliamentary,Justiciary
CO/JO/1033,T/JO/1805,Parliamentary,Justiciary
CO/JO/1034,T/JO/1799,Parliamentary,Arrest and Justiciary
CO/JO/1035,T/JO/1806,Parliamentary,Arrest and Justiciary
CO/JO/1036,T/JO/1807,Parliamentary,Arrest and Justiciary
CO/JO/1037,T/JO/1808,Parliamentary,Arrest and Justiciary
CO/JO/1038,T/JO/1809,Parliamentary,Arrest and Justiciary
CO/JO/1039,T/JO/1810,Parliamentary,Arrest and Justiciary
CO/JO/1041,T/JO/1812,Parliamentary,Justiciary
CO/JO/1042,T/JO/1813,Parliamentary,Justiciary
CO/JO/1043,T/JO/1814,Parliamentary,Justiciary
CO/JO/1044,T/JO/1815,Parliamentary,Justiciary
CO/JO/1045,T/JO/1816,Parliamentary,Justiciary
CO/JO/1046,T/JO/1817,Parliamentary,Justiciary
CO/JO/1047,T/JO/1818,Parliamentary,Arrest and Justiciary
CO/JO/1048,T/LA/318,Parliamentary,Arrest and Justiciary
CO/JO/1049,T/JO/1819,Parliamentary,Arrest and Justiciary
CO/JO/1050,T/JO/1820,Parliamentary,Justiciary
CO/JO/1051,T/JO/1821,Parliamentary,Justiciary
CO/JO/1052,T/JO/1822,Parliamentary,Justiciary
CO/JO/1053,T/JO/1823,Parliamentary,Justiciary
CO/JO/1054,T/JO/1824,Parliamentary,Justiciary
CO/JO/1055,T/JO/1825,Parliamentary,Justiciary
CO/JO/1057,T/JO/1808,Parliamentary,Justiciary
CO/JO/1058,T/JO/1809,Parliamentary,Justiciary
CO/JO/1059,T/JO/1826,Parliamentary,Justiciary
CO/JO/1060,T/JO/1028,Parliamentary,Justiciary
CO/JO/1061,T/JO/1027,Parliamentary,Justiciary
CO/JO/1062,T/JO/1827,Parliamentary,Arrest and Justiciary
CO/JO/1063,T/JO/1827,Parliamentary,Justiciary
CO/JO/1064,T/JO/1026,Parliamentary,Justiciary
CO/JO/1065,T/JO/1024,Parliamentary,Justiciary
CO/JO/1066,T/JO/1828,Parliamentary,Justiciary
CO/JO/1068,T/JO/1830,Parliamentary,Justiciary
CO/JO/1069,T/JO/1831,Parliamentary,Justiciary
CO/JO/1070,T/JO/1832,Parliamentary,Justiciary
CO/JO/1071,T/JO/1833,Parliamentary,Justiciary
CO/JO/1072,T/JO/1834,Parliamentary,Justiciary
CO/JO/1073,T/JO/1835,Parliamentary,Justiciary
CO/JO/1074,T/LA/1313,Parliamentary,Justiciary
CO/JO/1075,T/JO/1836,Parliamentary,Justiciary
CO/JO/1076,T/JO/1837,Parliamentary,Justiciary
CO/JO/1077,T/LA/1062,Parliamentary,Justiciary
CO/JO/1078,T/JO/95,Parliamentary,Justiciary
CO/JO/1079,T/JO/94,Parliamentary,Justiciary
CO/JO/1080,T/JO/1873,Privy Council,Justiciary
CO/JO/1081,T/JO/1882,Privy Council,Justiciary
CO/JO/1082,T/JO/1885,Privy Council,Justiciary
CO/JO/1323,T/JO/2116,Royal Commision - Unknown Origin,Justiciary
CO/JO/1324,T/JO/2118,Royal Commision - Unknown Origin,Arrest and Justiciary
CO/JO/1325,T/JO/2119,Royal Commision - Unknown Origin,Arrest and Justiciary
CO/JO/1326,T/JO/2120,Royal Commision - Unknown Origin,Arrest and Justiciary
CO/JO/1327,T/JO/2121,Royal Commision - Unknown Origin,Arrest and Justiciary
CO/JO/1328,T/JO/2122,Royal Commision - Unknown Origin,Arrest and Justiciary
CO/JO/1329,T/JO/2123,Royal Commision - Unknown Origin,Arrest and Justiciary
CO/JO/1330,T/JO/2124,Royal Commision - Unknown Origin,Arrest and Justiciary
CO/JO/1357,T/JO/2137,Royal Commision - Unknown Origin,Arrest and Justiciary
CO/JO/1358,T/JO/2138,Royal Commision - Unknown Origin,Arrest and Justiciary
CO/JO/1359,T/JO/2139,Royal Commision - Unknown Origin,Arrest and Justiciary
CO/JO/1360,T/JO/2140,Royal Commision - Unknown Origin,Arrest and Justiciary
CO/JO/1361,T/JO/2141,Royal Commision - Unknown Origin,Arrest and Justiciary
CO/JO/1362,T/JO/2142,Royal Commision - Unknown Origin,Arrest and Justiciary
CO/JO/1363,T/JO/2143,Royal Commision - Unknown Origin,Arrest and Justiciary
CO/JO/1364,T/JO/2144,Royal Commision - Unknown Origin,Arrest and Justiciary
CO/JO/1365,T/JO/2145,Royal Commision - Unknown Origin,Arrest and Justiciary
CO/JO/1366,T/JO/2146,Royal Commision - Unknown Origin,Arrest and Justiciary
CO/JO/1367,T/JO/2147,Royal Commision - Unknown Origin,Arrest and Justiciary
CO/JO/1368,T/JO/2148,Royal Commision - Unknown Origin,Arrest and Justiciary
CO/JO/1369,T/JO/2149,Royal Commision - Unknown Origin,Arrest and Justiciary
CO/JO/1370,T/JO/2150,Royal Commision - Unknown Origin,Arrest and Justiciary
CO/JO/1371,T/JO/2151,Royal Commision - Unknown Origin,Arrest and Justiciary
CO/JO/1372,T/JO/2152,Royal Commision - Unknown Origin,Arrest and Justiciary
CO/JO/1373,T/JO/2153,Royal Commision - Unknown Origin,Arrest and Justiciary
CO/JO/1374,T/JO/2154,Royal Commision - Unknown Origin,Arrest and Justiciary
CO/JO/1375,T/JO/2155,Royal Commision - Unknown Origin,Arrest and Justiciary
CO/JO/1376,T/JO/2156,Royal Commision - Unknown Origin,Arrest and Justiciary
CO/JO/1377,T/JO/2157,Royal Commision - Unknown Origin,Arrest and Justiciary
CO/JO/1378,T/JO/2158,Royal Commision - Unknown Origin,Arrest and Justiciary
CO/JO/1379,T/JO/2159,Royal Commision - Unknown Origin,Arrest and Justiciary
CO/JO/1380,T/JO/2160,Royal Commision - Unknown Origin,Arrest and Justiciary
CO/JO/1381,T/JO/2119,Royal Commision - Unknown Origin,Arrest
CO/JO/1382,T/JO/2159,Royal Commision - Unknown Origin,Arrest and Justiciary
CO/JO/1383,T/JO/2161,Royal Commision - Unknown Origin,Arrest and Justiciary
CO/JO/1384,T/JO/1468,Privy Council,Justiciary
CO/JO/1385,T/JO/1797,Parliamentary,Justiciary
CO/JO/1386,T/JO/2189,Privy Council,Justiciary
CO/JO/1387,T/JO/350,Committee of Estates,Justiciary
CO/JO/1388,T/JO/597,Privy Council,
CO/JO/1389,T/JO/2121,Royal Commision - Unknown Origin,Arrest
CO/JO/196,T/JO/304,Privy Council,Justiciary
CO/JO/197,T/JO/305,Privy Council,Justiciary
CO/JO/198,T/JO/306,Privy Council,Justiciary
CO/JO/199,T/JO/309,Privy Council,Justiciary
CO/JO/2,T/JO/3,Royal Commision - Unknown Origin,Arrest and justiciary
CO/JO/200,T/JO/310,Privy Council,Justiciary
CO/JO/201,T/JO/311,Privy Council,Justiciary
CO/JO/202,T/JO/312,Privy Council,Justiciary
CO/JO/203,T/JO/312,Privy Council,Justiciary
CO/JO/204,T/JO/313,Privy Council,Justiciary
CO/JO/205,T/JO/313,Privy Council,Justiciary
CO/JO/206,T/JO/314,Privy Council,Justiciary
CO/JO/207,T/JO/314,Privy Council,Justiciary
CO/JO/208,T/JO/315,Privy Council,Justiciary
CO/JO/209,T/JO/315,Privy Council,Justiciary
CO/JO/210,T/JO/307,Privy Council,Justiciary
CO/JO/212,T/JO/307,Privy Council,Justiciary
CO/JO/213,T/JO/307,Privy Council,Arrest
CO/JO/214,T/JO/308,Privy Council,Justiciary
CO/JO/215,T/JO/308,Privy Council,Justiciary
CO/JO/216,T/JO/308,Privy Council,Arrest
CO/JO/217,T/JO/316,Privy Council,Justiciary
CO/JO/218,T/JO/318,Privy Council,Justiciary
CO/JO/219,T/JO/319,Privy Council,Justiciary
CO/JO/220,T/JO/320,Privy Council,Justiciary
CO/JO/221,T/JO/321,Privy Council,Justiciary
CO/JO/222,T/JO/322,Privy Council,Justiciary
CO/JO/223,T/JO/323,Privy Council,Justiciary
CO/JO/224,T/JO/324,Privy Council,Justiciary
CO/JO/225,T/JO/324,Privy Council,Arrest
CO/JO/226,T/JO/325,Privy Council,Justiciary
CO/JO/227,T/JO/325,Privy Council,
CO/JO/228,T/LA/88,Privy Council,
CO/JO/229,T/JO/326,Privy Council,Arrest
CO/JO/230,T/JO/327,Privy Council,Arrest
CO/JO/231,T/JO/328,Privy Council,Arrest
CO/JO/232,T/JO/329,Privy Council,Arrest
CO/JO/233,T/JO/330,Privy Council,Justiciary
CO/JO/234,T/JO/331,Privy Council,Justiciary
CO/JO/235,T/JO/333,Privy Council,Justiciary
CO/JO/236,T/JO/333,Privy Council,Arrest
CO/JO/237,T/JO/334,Privy Council,Interrogation and Arrest
CO/JO/238,T/JO/335,Privy Council,Interrogation and Arrest
CO/JO/239,T/JO/336,Privy Council,Interrogation and Arrest
CO/JO/240,T/JO/337,Privy Council,Interrogation and Arrest
CO/JO/241,T/JO/326,Privy Council,Justiciary
CO/JO/242,T/JO/338,Privy Council,Interrogation and Arrest
CO/JO/243,T/JO/335,Privy Council,Justiciary
CO/JO/244,T/JO/339,Privy Council,Interrogation and Arrest
CO/JO/245,T/JO/340,Privy Council,Interrogation and Arrest
CO/JO/246,T/JO/203,Royal Commision - Unknown Origin,Justiciary
CO/JO/277,T/JO/417,Privy Council,Justiciary
CO/JO/278,T/JO/417,Privy Council,Justiciary
CO/JO/279,T/JO/420,Privy Council,Justiciary
CO/JO/28,T/JO/75,Royal Commision - Unknown Origin,Arrest and Justiciary
CO/JO/280,T/JO/420,Privy Council,Justiciary
CO/JO/281,T/JO/422,Privy Council,Justiciary
CO/JO/282,T/JO/422,Privy Council,Justiciary
CO/JO/283,T/LA/398,Parliamentary,Justiciary
CO/JO/284,T/LA/401,Parliamentary,Justiciary
CO/JO/285,T/JO/428,Parliamentary,Justiciary
CO/JO/286,T/JO/429,Parliamentary,Justiciary
CO/JO/288,T/LA/309,Parliamentary,Justiciary
CO/JO/289,T/JO/430,Parliamentary,Justiciary
CO/JO/29,T/JO/76,Royal Commision - Unknown Origin,Arrest and Justiciary
CO/JO/290,T/LA/400,Parliamentary,Justiciary
CO/JO/291,T/JO/432,Parliamentary,Justiciary
CO/JO/292,T/JO/434,Privy Council,Justiciary
CO/JO/293,T/JO/435,Privy Council,Justiciary
CO/JO/30,T/JO/77,Privy Council,Arrest and Justiciary
CO/JO/31,T/JO/78,Privy Council,Investigation
CO/JO/32,T/JO/79,Privy Council,Investigation
CO/JO/33,T/JO/80,Privy Council,Investigation
CO/JO/34,T/JO/81,Privy Council,Investigation
CO/JO/35,T/JO/81,Privy Council,Investigation
CO/JO/36,T/JO/81,Privy Council,Arrest
CO/JO/37,T/JO/81,Privy Council,Justiciary
CO/JO/378,T/JO/538,Committee of Estates,Justiciary
CO/JO/379,T/JO/539,Privy Council,Release
CO/JO/38,T/JO/78,Privy Council,Investigation
CO/JO/381,T/JO/546,Privy Council,Interrogation and Arrest
CO/JO/382,T/JO/547,Privy Council,Interrogation and Arrest
CO/JO/383,T/JO/546,Privy Council,Justiciary
CO/JO/384,T/JO/548,Privy Council,Interrogation and Arrest
CO/JO/385,T/JO/549,Privy Council,Interrogation and Arrest
CO/JO/386,T/JO/550,Privy Council,Interrogation and Arrest
CO/JO/387,T/JO/551,Privy Council,Interrogation and Arrest
CO/JO/388,T/JO/552,Privy Council,Interrogation and Arrest
CO/JO/389,T/JO/552,Privy Council,Justiciary
CO/JO/39,T/JO/78,Privy Council,Arrest
CO/JO/390,T/JO/553,Privy Council,Interrogation and Arrest
CO/JO/391,T/JO/554,Privy Council,Interrogation and Arrest
CO/JO/392,T/JO/555,Privy Council,Interrogation and Arrest
CO/JO/393,T/JO/556,Privy Council,Interrogation and Arrest
CO/JO/394,T/JO/557,Privy Council,Interrogation and Arrest
CO/JO/395,T/JO/558,Privy Council,Interrogation and Arrest
CO/JO/396,T/JO/559,Privy Council,Interrogation and Arrest
CO/JO/397,T/JO/560,Privy Council,Interrogation and Arrest
CO/JO/398,T/JO/561,Privy Council,Interrogation and Arrest
CO/JO/399,T/JO/562,Privy Council,Interrogation and Arrest
CO/JO/40,T/JO/78,Privy Council,Justiciary
CO/JO/400,T/JO/563,Privy Council,Interrogation and Arrest
CO/JO/401,T/JO/564,Privy Council,Interrogation and Arrest
CO/JO/402,T/JO/565,Privy Council,Interrogation and Arrest
CO/JO/403,T/JO/566,Privy Council,Interrogation and Arrest
CO/JO/404,T/JO/567,Privy Council,Interrogation and Arrest
CO/JO/405,T/JO/568,Privy Council,Interrogation and Arrest
CO/JO/406,T/JO/569,Privy Council,Interrogation and Arrest
CO/JO/407,T/JO/569,Privy Council,Justiciary
CO/JO/408,T/JO/570,Privy Council,Interrogation and Arrest
CO/JO/409,T/JO/571,Privy Council,Interrogation and Arrest
CO/JO/41,T/JO/80,Privy Council,Investigation
CO/JO/410,T/JO/574,Committee of Estates,
CO/JO/412,T/JO/590,Privy Council,Justiciary
CO/JO/413,T/JO/591,Privy Council,Justiciary
CO/JO/414,T/JO/595,Privy Council,Justiciary
CO/JO/415,T/JO/598,Privy Council,Release
CO/JO/416,T/JO/599,Privy Council,Justiciary
CO/JO/417,T/JO/600,Privy Council,Justiciary
CO/JO/418,T/JO/601,Privy Council,Justiciary
CO/JO/419,T/JO/602,Privy Council,Justiciary
CO/JO/42,T/JO/80,Privy Council,Arrest
CO/JO/420,T/JO/603,Privy Council,Justiciary
CO/JO/421,T/JO/604,Privy Council,Justiciary
CO/JO/422,T/JO/605,Privy Council,Justiciary
CO/JO/423,T/JO/606,Privy Council,Justiciary
CO/JO/424,T/JO/607,Privy Council,Justiciary
CO/JO/425,T/JO/608,Privy Council,Justiciary
CO/JO/426,T/JO/609,Privy Council,
CO/JO/427,T/JO/610,Privy Council,
CO/JO/428,T/JO/611,Privy Council,
CO/JO/429,T/JO/612,Privy Council,
CO/JO/43,T/JO/80,Privy Council,Justiciary
CO/JO/430,T/JO/613,Privy Council,Release
CO/JO/431,T/JO/614,Privy Council,Justiciary
CO/JO/432,T/JO/615,Privy Council,Justiciary
CO/JO/433,T/JO/616,Privy Council,Justiciary
CO/JO/434,T/JO/617,Privy Council,Justiciary
CO/JO/435,T/JO/618,Privy Council,Justiciary
CO/JO/436,T/JO/619,Privy Council,Justiciary
CO/JO/437,T/JO/615,Privy Council,
CO/JO/438,T/JO/620,Privy Council,Justiciary
CO/JO/439,T/JO/621,Privy Council,Justiciary
CO/JO/44,T/JO/79,Privy Council,Investigation
CO/JO/440,T/JO/622,Privy Council,Justiciary
CO/JO/441,T/JO/623,Privy Council,Justiciary
CO/JO/442,T/JO/624,Privy Council,Justiciary
CO/JO/443,T/JO/625,Privy Council,Justiciary
CO/JO/444,T/JO/626,Privy Council,Investigation
CO/JO/445,T/JO/627,Privy Council,Investigation
CO/JO/446,T/JO/628,Privy Council,Investigation
CO/JO/447,T/JO/629,Privy Council,Investigation
CO/JO/448,T/JO/630,Privy Council,Justiciary
CO/JO/449,T/JO/436,Privy Council,Arrest
CO/JO/45,T/JO/79,Privy Council,Arrest
CO/JO/450,T/JO/631,Privy Council,Justiciary
CO/JO/451,T/JO/632,Privy Council,Justiciary
CO/JO/452,T/JO/633,Privy Council,Justiciary
CO/JO/453,T/JO/634,Privy Council,Justiciary
CO/JO/454,T/JO/637,Privy Council,Justiciary
CO/JO/455,T/JO/638,Privy Council,Justiciary
CO/JO/456,T/JO/640,Privy Council,Justiciary
CO/JO/457,T/JO/641,Privy Council,Justiciary
CO/JO/458,T/JO/642,Privy Council,Justiciary
CO/JO/459,T/JO/643,Privy Council,Justiciary
CO/JO/46,T/JO/79,Privy Council,Justiciary
CO/JO/460,T/JO/644,Privy Council,Justiciary
CO/JO/461,T/JO/645,Privy Council,Justiciary
CO/JO/462,T/JO/646,Privy Council,Justiciary
CO/JO/463,T/JO/647,Privy Council,Justiciary
CO/JO/464,T/JO/648,Privy Council,Justiciary
CO/JO/465,T/JO/649,Privy Council,Justiciary
CO/JO/466,T/JO/649,Privy Council,Justiciary
CO/JO/47,T/JO/82,Privy Council,Investigation
CO/JO/48,T/JO/82,Privy Council,Investigation
CO/JO/49,T/JO/82,Privy Council,Arrest
CO/JO/50,T/JO/83,Royal Commision - Unknown Origin,Arrest and Justiciary
CO/JO/51,T/JO/84,Royal Commision - Unknown Origin,Arrest and Justiciary
CO/JO/52,T/JO/86,Privy Council,Investigation
CO/JO/53,T/JO/86,Privy Council,Investigation
CO/JO/54,T/JO/86,Privy Council,Arrest
CO/JO/55,T/JO/87,Privy Council,Investigation
CO/JO/56,T/JO/87,Privy Council,Investigation
CO/JO/57,T/JO/87,Privy Council,Arrest
CO/JO/58,T/JO/88,Privy Council,Investigation
CO/JO/59,T/JO/88,Privy Council,Investigation
CO/JO/60,T/JO/88,Privy Council,Arrest
CO/JO/61,T/JO/89,Privy Council,Investigation
CO/JO/62,T/JO/89,Privy Council,Investigation
CO/JO/623,T/JO/769,Privy Council,Justiciary
CO/JO/624,T/JO/770,Privy Council,Justiciary
CO/JO/626,T/JO/772,Privy Council,Justiciary
CO/JO/627,T/JO/769,Privy Council,Justiciary
CO/JO/628,T/JO/773,Privy Council,Justiciary
CO/JO/629,T/JO/774,Privy Council,Justiciary
CO/JO/63,T/JO/89,Privy Council,Arrest
CO/JO/630,T/JO/775,Privy Council,Justiciary
CO/JO/631,T/JO/776,Privy Council,Justiciary
CO/JO/632,T/JO/777,Privy Council,Justiciary
CO/JO/633,T/JO/778,Privy Council,Justiciary
CO/JO/634,T/JO/779,Privy Council,Justiciary
CO/JO/635,T/JO/780,Privy Council,Justiciary
CO/JO/636,T/JO/769,,
CO/JO/637,T/JO/769,Privy Council,Release
CO/JO/639,T/JO/782,Privy Council,Justiciary
CO/JO/64,T/JO/90,,Investigation
CO/JO/640,T/JO/783,Privy Council,Justiciary
CO/JO/641,T/JO/784,Privy Council,Justiciary
CO/JO/642,T/JO/798,Privy Council,Justiciary
CO/JO/645,T/LA/410,Privy Council,Justiciary
CO/JO/646,T/LA/411,Privy Council,Justiciary
CO/JO/647,T/LA/413,Privy Council,Justiciary
CO/JO/648,T/JO/801,Privy Council,Justiciary
CO/JO/649,T/JO/802,Privy Council,Justiciary
CO/JO/650,T/JO/803,Privy Council,Justiciary
CO/JO/651,T/JO/804,Privy Council,Justiciary
CO/JO/652,T/JO/805,Privy Council,Justiciary
CO/JO/653,T/JO/806,Privy Council,Justiciary
CO/JO/654,T/JO/807,Privy Council,Justiciary
CO/JO/655,T/JO/808,Privy Council,Justiciary
CO/JO/656,T/JO/809,Privy Council,Justiciary
CO/JO/657,T/JO/810,Privy Council,Justiciary
CO/JO/658,T/JO/811,Privy Council,Justiciary
CO/JO/659,T/JO/812,Privy Council,Justiciary
CO/JO/660,T/JO/813,Privy Council,Justiciary
CO/JO/661,T/JO/814,Privy Council,Justiciary
CO/JO/662,T/JO/815,Privy Council,Justiciary
CO/JO/663,T/JO/816,Privy Council,Justiciary
CO/JO/664,T/JO/817,Privy Council,Justiciary
CO/JO/665,T/JO/818,Privy Council,Justiciary
CO/JO/666,T/LA/377,Privy Council,Justiciary
CO/JO/668,T/LA/402,Privy Council,Justiciary
CO/JO/669,T/LA/374,Privy Council,Justiciary
CO/JO/670,T/JO/819,Privy Council,Justiciary
CO/JO/671,T/JO/820,Privy Council,Justiciary
CO/JO/672,T/JO/821,Privy Council,Justiciary
CO/JO/673,T/JO/823,Privy Council,Justiciary
CO/JO/674,T/JO/824,Privy Council,Justiciary
CO/JO/675,T/JO/825,Privy Council,Justiciary
CO/JO/676,T/JO/826,Privy Council,Justiciary
CO/JO/677,T/JO/827,Privy Council,Justiciary
CO/JO/678,T/JO/828,Privy Council,Justiciary
CO/JO/679,T/JO/829,Privy Council,Justiciary
CO/JO/680,T/JO/830,Privy Council,Release
CO/JO/685,T/JO/831,Privy Council,Justiciary
CO/JO/686,T/JO/832,Privy Council,Justiciary
CO/JO/687,T/JO/833,Privy Council,Justiciary
CO/JO/688,T/JO/834,Privy Council,Justiciary
CO/JO/689,T/JO/835,Privy Council,Justiciary
CO/JO/690,T/JO/836,Privy Council,Justiciary
CO/JO/691,T/JO/837,Privy Council,Justiciary
CO/JO/692,T/JO/838,Privy Council,Justiciary
CO/JO/693,T/JO/839,Privy Council,Justiciary
CO/JO/694,T/JO/840,Privy Council,Justiciary
CO/JO/695,T/JO/841,Privy Council,Justiciary
CO/JO/696,T/JO/842,Privy Council,Justiciary
CO/JO/697,T/JO/843,Privy Council,Justiciary
CO/JO/698,T/JO/844,Privy Council,Justiciary
CO/JO/699,T/JO/845,Privy Council,Justiciary
CO/JO/700,T/JO/846,Privy Council,Justiciary
CO/JO/701,T/JO/847,Privy Council,Justiciary
CO/JO/702,T/JO/848,Privy Council,Justiciary
CO/JO/703,T/JO/849,Privy Council,Justiciary
CO/JO/704,T/JO/850,Privy Council,Justiciary
CO/JO/705,T/JO/851,Privy Council,Justiciary
CO/JO/706,T/JO/852,Privy Council,Justiciary
CO/JO/707,T/JO/853,Privy Council,Justiciary
CO/JO/708,T/JO/854,Privy Council,Justiciary
CO/JO/709,T/JO/855,Privy Council,Justiciary
CO/JO/710,T/JO/856,Privy Council,Justiciary
CO/JO/711,T/JO/857,Privy Council,Justiciary
CO/JO/712,T/JO/858,Privy Council,Justiciary
CO/JO/713,T/JO/859,Privy Council,Justiciary
CO/JO/714,T/JO/860,Privy Council,Justiciary
CO/JO/715,T/JO/861,Privy Council,Justiciary
CO/JO/716,T/JO/862,Privy Council,Justiciary
CO/JO/717,T/JO/863,Privy Council,Justiciary
CO/JO/718,T/JO/864,Privy Council,Justiciary
CO/JO/719,T/JO/865,Privy Council,Justiciary
CO/JO/720,T/JO/866,Privy Council,Justiciary
CO/JO/721,T/LA/374,Privy Council,Release
CO/JO/722,T/LA/402,Privy Council,Release
CO/JO/723,T/JO/867,Privy Council,Release
CO/JO/724,T/JO/868,Privy Council,Release
CO/JO/725,T/JO/874,Privy Council,Justiciary
CO/JO/726,T/LA/287,Privy Council,Justiciary
CO/JO/727,T/JO/875,Privy Council,Justiciary
CO/JO/728,T/JO/876,Privy Council,Justiciary
CO/JO/729,T/JO/877,Privy Council,Justiciary
CO/JO/730,T/JO/878,Privy Council,Justiciary
CO/JO/731,T/JO/770,Privy Council,Justiciary
CO/JO/732,T/JO/879,Privy Council,Justiciary
CO/JO/733,T/JO/880,Privy Council,Release
CO/JO/734,T/JO/881,Privy Council,Release
CO/JO/735,T/JO/884,Privy Council,Justiciary
CO/JO/736,T/JO/885,Privy Council,Justiciary
CO/JO/737,T/JO/886,Privy Council,Justiciary
CO/JO/738,T/JO/887,Privy Council,Justiciary
CO/JO/739,T/JO/888,Privy Council,Justiciary
CO/JO/740,T/JO/889,Privy Council,Justiciary
CO/JO/741,T/JO/890,Privy Council,Justiciary
CO/JO/742,T/JO/891,Privy Council,Justiciary
CO/JO/743,T/JO/892,Privy Council,Justiciary
CO/JO/744,T/JO/893,Privy Council,Justiciary
CO/JO/745,T/JO/894,Privy Council,Justiciary
CO/JO/746,T/JO/895,Privy Council,Justiciary
CO/JO/747,T/JO/896,Privy Council,Release
CO/JO/748,T/JO/897,Privy Council,Justiciary
CO/JO/749,T/JO/898,Privy Council,Justiciary
CO/JO/750,T/JO/899,Privy Council,Justiciary
CO/JO/751,T/JO/900,Privy Council,Justiciary
CO/JO/752,T/JO/901,Privy Council,Justiciary
CO/JO/753,T/JO/902,Privy Council,Justiciary
CO/JO/754,T/JO/903,Privy Council,Justiciary
CO/JO/755,T/JO/904,Privy Council,Justiciary
CO/JO/756,T/JO/830,Privy Council,Release
CO/JO/757,T/JO/905,Privy Council,Release
CO/JO/758,T/JO/906,Privy Council,Justiciary
CO/JO/759,T/JO/907,Privy Council,Justiciary
CO/JO/760,T/JO/908,Privy Council,Justiciary
CO/JO/761,T/JO/909,Privy Council,Justiciary
CO/JO/762,T/JO/910,Privy Council,Justiciary
CO/JO/763,T/JO/911,Privy Council,Justiciary
CO/JO/764,T/JO/912,Privy Council,Justiciary
CO/JO/765,T/JO/913,Privy Council,Justiciary
CO/JO/766,T/JO/913,Privy Council,Justiciary
CO/JO/767,T/JO/914,Privy Council,Justiciary
CO/JO/768,T/JO/914,Privy Council,Justiciary
CO/JO/769,T/JO/915,Privy Council,Justiciary
CO/JO/770,T/JO/916,Privy Council,Justiciary
CO/JO/771,T/JO/917,Privy Council,Justiciary
CO/JO/772,T/JO/918,Privy Council,Justiciary
CO/JO/773,T/JO/919,Privy Council,Justiciary
CO/JO/774,T/JO/920,Privy Council,Justiciary
CO/JO/775,T/JO/921,Privy Council,Justiciary
CO/JO/776,T/JO/922,Privy Council,Justiciary
CO/JO/777,T/JO/923,Privy Council,Justiciary
CO/JO/778,T/JO/924,Privy Council,Justiciary
CO/JO/779,T/JO/925,Privy Council,Justiciary
CO/JO/780,T/JO/926,Privy Council,Justiciary
CO/JO/782,T/JO/928,Privy Council,Justiciary
CO/JO/783,T/JO/929,Privy Council,Justiciary
CO/JO/785,T/JO/931,Privy Council,Justiciary
CO/JO/786,T/JO/932,Privy Council,Justiciary
CO/JO/787,T/JO/933,Privy Council,Justiciary
CO/JO/788,T/JO/934,Privy Council,Justiciary
CO/JO/789,T/JO/935,Privy Council,Justiciary
CO/JO/790,T/JO/936,Privy Council,Justiciary
CO/JO/791,T/JO/937,Privy Council,Justiciary
CO/JO/792,T/JO/938,Privy Council,Justiciary
CO/JO/793,T/JO/939,Privy Council,Justiciary
CO/JO/794,T/JO/940,Privy Council,Justiciary
CO/JO/795,T/JO/941,Privy Council,Justiciary
CO/JO/796,T/JO/942,Privy Council,Justiciary
CO/JO/797,T/JO/943,Privy Council,Justiciary
CO/JO/834,T/JO/977,Privy Council,Justiciary
CO/JO/835,T/JO/978,Privy Council,Justiciary
CO/JO/836,T/JO/979,Privy Council,Justiciary
CO/JO/837,T/JO/980,Privy Council,Justiciary
CO/JO/838,T/JO/981,Privy Council,Justiciary
CO/JO/839,T/JO/982,Privy Council,Justiciary
CO/JO/840,T/JO/983,Privy Council,Justiciary
CO/JO/841,T/JO/984,Privy Council,Justiciary
CO/JO/842,T/JO/984,Privy Council,Justiciary
CO/JO/843,T/JO/985,Privy Council,Justiciary
CO/JO/844,T/JO/985,Privy Council,Justiciary
CO/JO/845,T/JO/986,Privy Council,Justiciary
CO/JO/846,T/JO/986,Privy Council,Justiciary
CO/JO/847,T/JO/987,Privy Council,Justiciary
CO/JO/848,T/JO/987,Privy Council,Justiciary
CO/JO/849,T/JO/988,Privy Council,Justiciary
CO/JO/850,T/JO/988,Privy Council,Justiciary
CO/JO/851,T/JO/989,Privy Council,Justiciary
CO/LA/522,T/LA/675,Privy Council,
CO/LA/523,T/LA/676,Privy Council,Justiciary
CO/LA/524,T/LA/677,Privy Council,Justiciary
CO/LA/525,T/LA/678,Privy Council,Justiciary
CO/LA/526,T/LA/679,Privy Council,Justiciary
CO/LA/527,T/LA/680,Privy Council,Justiciary
CO/LA/528,T/LA/681,Privy Council,Justiciary
CO/LA/529,T/LA/682,Privy Council,Justiciary
CO/LA/53,T/LA/10,Privy Council,Arrest
CO/LA/530,T/LA/683,Privy Council,Justiciary
CO/LA/531,T/LA/684,Privy Council,Justiciary
CO/LA/532,T/LA/685,Privy Council,Justiciary
CO/LA/533,T/LA/686,Privy Council,Justiciary
CO/LA/534,T/LA/687,Privy Council,Justiciary
CO/LA/535,T/LA/688,Privy Council,Justiciary
CO/LA/536,T/LA/689,Privy Council,Justiciary
CO/LA/537,T/LA/690,Privy Council,Justiciary
CO/LA/538,T/LA/691,Privy Council,Justiciary
CO/LA/539,T/LA/692,Privy Council,Justiciary
CO/LA/54,T/LA/10,Privy Council,Justiciary
CO/LA/540,T/LA/693,Privy Council,Justiciary
CO/LA/541,T/LA/694,Privy Council,Justiciary
CO/LA/542,T/LA/695,Privy Council,Justiciary
CO/LA/543,T/LA/696,Privy Council,Justiciary
CO/LA/544,T/LA/697,Privy Council,Justiciary
CO/LA/545,T/LA/698,Privy Council,Justiciary
CO/LA/546,T/LA/699,Privy Council,Justiciary
CO/LA/547,T/LA/700,Privy Council,Interrogation and Arrest
CO/LA/548,T/LA/700,Privy Council,Justiciary
CO/LA/549,T/LA/701,Privy Council,Investigation
CO/LA/55,T/LA/10,Privy Council,Justiciary
CO/LA/550,T/LA/701,Privy Council,Justiciary
CO/LA/551,T/LA/702,Privy Council,Investigation
CO/LA/552,T/LA/702,Privy Council,Justiciary
CO/LA/553,T/LA/703,Privy Council,Investigation
CO/LA/554,T/LA/703,Privy Council,Justiciary
CO/LA/555,T/LA/704,Privy Council,Investigation
CO/JO/852,T/JO/989,Privy Council,Justiciary
CO/JO/853,T/JO/990,Privy Council,Justiciary
CO/JO/854,T/JO/990,Privy Council,Justiciary
CO/JO/855,T/JO/991,Privy Council,Justiciary
CO/JO/856,T/JO/991,Privy Council,Justiciary
CO/JO/857,T/JO/992,Privy Council,Justiciary
CO/JO/858,T/JO/992,Privy Council,Justiciary
CO/JO/859,T/JO/993,Privy Council,Justiciary
CO/JO/860,T/JO/993,Privy Council,Justiciary
CO/JO/861,T/JO/994,Privy Council,Justiciary
CO/JO/862,T/JO/994,Privy Council,Justiciary
CO/JO/863,T/JO/995,Privy Council,Justiciary
CO/JO/864,T/JO/995,Privy Council,Justiciary
CO/JO/865,T/JO/996,Privy Council,Justiciary
CO/JO/866,T/JO/996,Privy Council,Justiciary
CO/JO/867,T/JO/997,Privy Council,Justiciary
CO/JO/868,T/JO/997,Privy Council,Justiciary
CO/JO/869,T/JO/998,Privy Council,Justiciary
CO/JO/870,T/JO/998,Privy Council,Justiciary
CO/JO/871,T/JO/999,Privy Council,Justiciary
CO/JO/872,T/JO/999,Privy Council,Justiciary
CO/JO/873,T/JO/1000,Privy Council,Justiciary
CO/JO/874,T/JO/969,Privy Council,Justiciary
CO/JO/875,T/JO/969,Privy Council,Justiciary
CO/JO/876,T/JO/970,Privy Council,Justiciary
CO/JO/877,T/JO/970,Privy Council,Justiciary
CO/JO/878,T/JO/1001,Privy Council,Justiciary
CO/JO/879,T/JO/1002,Privy Council,Justiciary
CO/JO/880,T/JO/949,Privy Council,Justiciary
CO/JO/881,T/JO/1003,Privy Council,Justiciary
CO/JO/882,T/JO/1004,Privy Council,Justiciary
CO/JO/883,T/JO/1005,Privy Council,Justiciary
CO/JO/884,T/JO/1006,Privy Council,Justiciary
CO/JO/885,T/JO/939,Privy Council,Execution
CO/JO/886,T/JO/940,Privy Council,Execution
CO/JO/887,T/JO/942,Privy Council,Execution
CO/JO/888,T/JO/947,Privy Council,Execution
CO/JO/889,T/JO/945,Privy Council,Execution
CO/JO/890,T/JO/946,Privy Council,Execution
CO/JO/891,T/JO/934,Privy Council,Execution
CO/JO/892,T/JO/936,Privy Council,Execution
CO/JO/893,T/JO/1007,Privy Council,Justiciary
CO/JO/894,T/JO/1008,Privy Council,Justiciary
CO/JO/895,T/JO/1009,Privy Council,Justiciary
CO/JO/896,T/JO/1010,Privy Council,Justiciary
CO/JO/897,T/JO/1011,Privy Council,Justiciary
CO/JO/898,T/JO/1012,Privy Council,Justiciary
CO/JO/899,T/JO/1013,Privy Council,Justiciary
CO/JO/900,T/JO/1014,Privy Council,Justiciary
CO/JO/901,T/JO/1015,Privy Council,Justiciary
CO/JO/902,T/JO/1016,Privy Council,Justiciary
CO/JO/903,T/JO/1017,Privy Council,Justiciary
CO/JO/905,T/JO/1017,Privy Council,Release
CO/JO/906,T/JO/769,Privy Council,Justiciary
CO/JO/907,T/JO/769,Privy Council,
CO/JO/908,T/JO/1019,Privy Council,Justiciary
CO/JO/909,T/JO/1020,Privy Council,Release
CO/JO/912,T/JO/1073,Privy Council,Justiciary
CO/JO/913,T/JO/1075,Privy Council,Justiciary
CO/JO/914,T/JO/1076,Privy Council,Justiciary
CO/JO/930,T/JO/1144,Parliamentary,Justiciary
CO/JO/931,T/JO/1145,Parliamentary,Justiciary
CO/JO/932,T/JO/1146,Parliamentary,Justiciary
CO/JO/958,T/JO/1298,Royal Commision - Unknown Origin,Justiciary
CO/JO/959,T/JO/1303,Royal Commision - Unknown Origin,Justiciary
CO/JO/961,T/JO/1497,,Justiciary
CO/JO/962,T/JO/1500,,Justiciary
CO/JO/963,T/JO/1501,,Justiciary
CO/JO/964,T/JO/1502,,Justiciary
CO/JO/985,T/JO/1653,Parliamentary,Justiciary
CO/JO/986,T/JO/1654,Parliamentary,Justiciary
CO/JO/987,T/JO/1655,Parliamentary,Justiciary
CO/JO/988,T/JO/1656,Parliamentary,Justiciary
CO/JO/989,T/JO/1657,Parliamentary,Justiciary
CO/JO/990,T/JO/1658,Parliamentary,Justiciary
CO/JO/991,T/LA/307,Parliamentary,Arrest
CO/JO/992,T/JO/1659,Parliamentary,Justiciary
CO/JO/993,T/JO/1660,Parliamentary,Justiciary
CO/JO/994,T/JO/1674,Parliamentary,Justiciary
CO/JO/996,T/JO/1675,Parliamentary,Justiciary
CO/JO/997,T/JO/1676,Parliamentary,Justiciary
CO/JO/998,T/JO/1704,Parliamentary,Justiciary
CO/JO/999,T/JO/1705,Parliamentary,Justiciary
CO/LA/1,T/LA/4,Privy Council,Arrest and Justiciary
CO/LA/10,T/LA/55,Privy Council,Arrest
CO/LA/100,T/LA/138,Privy Council,Justiciary
CO/LA/1000,T/LA/1736,,Justiciary
CO/LA/1001,T/LA/1737,,Justiciary
CO/LA/1002,T/LA/1738,,Justiciary
CO/LA/1003,T/LA/595,Royal Commision - Unknown Origin,Justiciary
CO/LA/1008,T/JO/1168,Privy Council,Justiciary
CO/LA/1009,T/LA/1798,Privy Council,Justiciary
CO/LA/101,T/LA/139,Privy Council,Justiciary
CO/LA/1010,T/LA/1799,Privy Council,Justiciary
CO/LA/1011,T/LA/1800,Privy Council,Justiciary
CO/LA/1012,T/LA/1801,Privy Council,Justiciary
CO/LA/1013,T/LA/1802,Privy Council,Justiciary
CO/LA/1014,T/LA/1803,Privy Council,Justiciary
CO/LA/1015,T/LA/1804,Privy Council,Justiciary
CO/LA/1016,T/LA/1805,Privy Council,Justiciary
CO/LA/1017,T/LA/1806,Privy Council,Justiciary
CO/LA/1018,T/LA/1807,Presbytery,Justiciary
CO/LA/1019,T/LA/1808,Privy Council,Justiciary
CO/LA/102,T/LA/140,Privy Council,Justiciary
CO/LA/1020,T/LA/1809,Privy Council,Justiciary
CO/LA/1021,T/LA/1810,Privy Council,Justiciary
CO/LA/1022,T/LA/1811,Privy Council,Justiciary
CO/LA/1023,T/LA/1812,Privy Council,Justiciary
CO/LA/1024,T/LA/1816,Privy Council,Justiciary
CO/LA/1025,T/LA/1817,Privy Council,Justiciary
CO/LA/1026,T/LA/1818,Privy Council,Justiciary
CO/LA/1027,T/LA/1200,Privy Council,Justiciary
CO/LA/1028,T/JO/1134,Privy Council,Justiciary
CO/LA/103,T/LA/142,Privy Council,Justiciary
CO/LA/104,T/LA/144,Privy Council,Justiciary
CO/LA/105,T/LA/145,Privy Council,Interrogation and Arrest
CO/LA/106,T/LA/145,Privy Council,Justiciary
CO/LA/107,T/LA/146,Privy Council,Interrogation and Arrest
CO/LA/108,T/LA/146,Privy Council,Justiciary
CO/LA/1080,T/LA/1872,Privy Council,Justiciary
CO/LA/1081,T/LA/1873,Privy Council,Justiciary
CO/LA/1082,T/LA/1874,Privy Council,Justiciary
CO/LA/1083,T/LA/787,Privy Council,Justiciary
CO/LA/1084,T/LA/786,Privy Council,Justiciary
CO/LA/1085,T/LA/1875,Privy Council,Justiciary
CO/LA/1086,T/LA/786,Privy Council,Justiciary
CO/LA/1087,T/LA/787,Privy Council,Justiciary
CO/LA/1088,T/LA/1875,Privy Council,Justiciary
CO/LA/1089,T/LA/1876,Privy Council,Justiciary
CO/LA/109,T/LA/147,Privy Council,Interrogation and Arrest
CO/LA/1090,T/LA/801,Privy Council,Justiciary
CO/LA/1091,T/LA/1877,Privy Council,Justiciary
CO/LA/1092,T/LA/1878,Privy Council,Justiciary
CO/LA/1093,T/LA/1879,Privy Council,Interrogation and Arrest
CO/LA/1094,T/LA/1880,Privy Council,Interrogation and Arrest
CO/LA/1095,T/LA/1881,Privy Council,Interrogation and Arrest
CO/LA/1096,T/LA/1882,Privy Council,Interrogation and Arrest
CO/LA/1097,T/LA/1883,Privy Council,Interrogation and Arrest
CO/LA/1098,T/LA/1884,Privy Council,Interrogation and Arrest
CO/LA/1099,T/LA/1885,Privy Council,Interrogation and Arrest
CO/LA/110,T/LA/147,Privy Council,Arrest
CO/LA/1100,T/LA/1886,Privy Council,Interrogation and Arrest
CO/LA/1101,T/LA/1887,Privy Council,Interrogation and Arrest
CO/LA/1102,T/LA/1888,Privy Council,Interrogation and Arrest
CO/LA/1103,T/LA/1889,Privy Council,Interrogation and Arrest
CO/LA/1104,T/LA/808,Privy Council,Justiciary
CO/LA/1105,T/LA/1890,Privy Council,Justiciary
CO/LA/1106,T/LA/1891,Privy Council,Justiciary
CO/LA/1107,T/LA/1880,Privy Council,Justiciary
CO/LA/1108,T/LA/1881,Privy Council,Justiciary
CO/LA/1109,T/LA/1882,Privy Council,Justiciary
CO/LA/111,T/LA/156,Privy Council,Release
CO/LA/1110,T/LA/1892,Privy Council,Justiciary
CO/LA/1111,T/LA/1893,Privy Council,Justiciary
CO/LA/1112,T/LA/1894,Privy Council,Justiciary
CO/LA/1113,T/LA/1886,Privy Council,Justiciary
CO/LA/1114,T/LA/1883,Privy Council,Justiciary
CO/LA/1115,T/LA/1888,Privy Council,Justiciary
CO/LA/1116,T/LA/1895,Privy Council,Justiciary
CO/LA/1117,T/LA/1896,Privy Council,Justiciary
CO/LA/1118,T/LA/1897,Privy Council,Justiciary
CO/LA/1119,T/LA/1898,Privy Council,Justiciary
CO/LA/112,T/LA/156,Privy Council,Justiciary
CO/LA/1120,T/LA/1899,Privy Council,Justiciary
CO/LA/1121,T/LA/1900,Privy Council,Justiciary
CO/LA/1122,T/LA/1901,Privy Council,Justiciary
CO/LA/1123,T/LA/1902,Privy Council,Justiciary
CO/LA/1124,T/LA/1247,Privy Council,Release
CO/LA/1125,T/LA/1937,Privy Council,Justiciary
CO/LA/1126,T/LA/1938,Privy Council,Justiciary
CO/LA/1127,T/LA/1939,Privy Council,Arrest and Justiciary
CO/LA/1128,T/LA/1951,Committee of Estates,Justiciary
CO/LA/1129,T/JO/1640,Committee of Estates,Justiciary
CO/LA/113,T/LA/158,Privy Council,Justiciary
CO/LA/1130,T/LA/1952,Committee of Estates,Justiciary
CO/LA/1131,T/LA/1953,Committee of Estates,Justiciary
CO/LA/1132,T/LA/1954,Committee of Estates,Justiciary
CO/LA/1133,T/LA/1955,Committee of Estates,Justiciary
CO/LA/1134,T/LA/1956,Committee of Estates,Justiciary
CO/LA/1135,T/LA/1957,Committee of Estates,Justiciary
CO/LA/1136,T/LA/1958,Committee of Estates,Justiciary
CO/LA/1137,T/LA/1959,Committee of Estates,Justiciary
CO/LA/1138,T/LA/1960,Committee of Estates,Justiciary
CO/LA/1139,T/JO/1706,Committee of Estates,Justiciary
CO/LA/114,T/LA/160,Privy Council,Justiciary
CO/LA/1140,T/LA/1961,Committee of Estates,Justiciary
CO/LA/1141,T/JO/349,Committee of Estates,Justiciary
CO/LA/1142,T/JO/132,Committee of Estates,Justiciary
CO/LA/1143,T/LA/1962,Committee of Estates,Justiciary
CO/LA/1144,T/JO/126,Committee of Estates,Justiciary
CO/LA/1145,T/JO/127,Committee of Estates,Justiciary
CO/LA/1146,T/JO/128,Committee of Estates,Justiciary
CO/LA/1147,T/JO/129,Committee of Estates,Justiciary
CO/LA/1148,T/JO/1532,Committee of Estates,Justiciary
CO/LA/1149,T/JO/1533,Committee of Estates,Justiciary
CO/LA/115,T/LA/162,Privy Council,Justiciary
CO/LA/1150,T/LA/1963,Committee of Estates,Justiciary
CO/LA/1151,T/LA/1964,Committee of Estates,Justiciary
CO/LA/1152,T/LA/1965,Committee of Estates,Justiciary
CO/LA/1153,T/JO/136,Committee of Estates,Justiciary
CO/LA/1154,T/LA/1966,Committee of Estates,Justiciary
CO/LA/1155,T/LA/1967,Committee of Estates,Justiciary
CO/LA/1156,T/LA/1968,Committee of Estates,Justiciary
CO/LA/1157,T/LA/1969,Committee of Estates,Justiciary
CO/LA/1158,T/LA/1970,Committee of Estates,Justiciary
CO/LA/1159,T/LA/1971,Committee of Estates,Justiciary
CO/LA/116,T/LA/164,Privy Council,Justiciary
CO/LA/1160,T/JO/787,Committee of Estates,Justiciary
CO/LA/1161,T/LA/1972,Committee of Estates,Justiciary
CO/LA/1162,T/LA/1973,Committee of Estates,Justiciary
CO/LA/1163,T/LA/1974,Committee of Estates,Justiciary
CO/LA/1164,T/LA/1975,Committee of Estates,Justiciary
CO/LA/1165,T/LA/1976,Committee of Estates,Justiciary
CO/LA/1166,T/JO/351,Committee of Estates,Justiciary
CO/LA/1167,T/JO/352,Committee of Estates,Justiciary
CO/LA/1168,T/LA/1978,Committee of Estates,Justiciary
CO/LA/1169,T/LA/1979,Committee of Estates,Justiciary
CO/LA/117,T/LA/165,Privy Council,Justiciary
CO/LA/1170,T/LA/1980,Committee of Estates,Justiciary
CO/LA/1171,T/LA/1981,Committee of Estates,Justiciary
CO/LA/1172,T/LA/1982,Committee of Estates,Justiciary
CO/LA/1173,T/LA/1983,Committee of Estates,Justiciary
CO/LA/1174,T/LA/1984,Committee of Estates,Justiciary
CO/LA/1175,T/LA/1985,Committee of Estates,Justiciary
CO/LA/1176,T/LA/1986,Committee of Estates,Justiciary
CO/LA/1177,T/LA/1987,Committee of Estates,Justiciary
CO/LA/1178,T/LA/1988,Committee of Estates,Justiciary
CO/LA/1179,T/LA/1989,Committee of Estates,Justiciary
CO/LA/118,T/LA/166,Privy Council,Justiciary
CO/LA/1180,T/LA/1990,Committee of Estates,Justiciary
CO/LA/1181,T/LA/1991,Committee of Estates,Justiciary
CO/LA/1182,T/LA/1992,Committee of Estates,Justiciary
CO/LA/1183,T/JO/98,Committee of Estates,Justiciary
CO/LA/1184,T/LA/1993,Committee of Estates,Justiciary
CO/LA/1185,T/LA/1994,Committee of Estates,Justiciary
CO/LA/1186,T/LA/1995,Committee of Estates,Justiciary
CO/LA/1187,T/LA/1026,Committee of Estates,Justiciary
CO/LA/1188,T/LA/1027,Committee of Estates,Justiciary
CO/LA/1189,T/LA/1028,Committee of Estates,Justiciary
CO/LA/119,T/LA/167,,Justiciary
CO/LA/1190,T/LA/1996,Committee of Estates,Justiciary
CO/LA/1191,T/JO/1440,Committee of Estates,Justiciary
CO/LA/1192,T/LA/1997,Committee of Estates,Justiciary
CO/LA/1193,T/LA/1998,Committee of Estates,Justiciary
CO/LA/1194,T/LA/1999,Committee of Estates,Justiciary
CO/LA/1195,T/LA/2000,Committee of Estates,Justiciary
CO/LA/1196,T/LA/2001,Committee of Estates,Justiciary
CO/LA/1197,T/LA/2002,Committee of Estates,Justiciary
CO/LA/1198,T/LA/2003,Committee of Estates,Justiciary
CO/LA/1199,T/LA/2004,Committee of Estates,Justiciary
CO/LA/120,T/LA/167,Privy Council,Suspension of Justiciary
CO/LA/1200,T/LA/2005,Committee of Estates,Justiciary
CO/LA/1201,T/JO/360,Committee of Estates,Justiciary
CO/LA/1202,T/JO/359,Committee of Estates,Justiciary
CO/LA/1203,T/JO/361,Committee of Estates,Justiciary
CO/LA/1204,T/JO/362,Committee of Estates,Justiciary
CO/LA/1205,T/LA/2006,Committee of Estates,Justiciary
CO/LA/1206,T/JO/368,Committee of Estates,Justiciary
CO/LA/1207,T/JO/366,Committee of Estates,Justiciary
CO/LA/1209,T/LA/2008,Committee of Estates,Justiciary
CO/LA/121,T/LA/168,,Justiciary
CO/LA/1210,T/LA/2009,Committee of Estates,Justiciary
CO/LA/1211,T/LA/2010,Committee of Estates,Justiciary
CO/LA/1212,T/LA/2011,Committee of Estates,Justiciary
CO/LA/1213,T/LA/2012,Committee of Estates,Justiciary
CO/LA/1214,T/JO/367,Committee of Estates,Justiciary
CO/LA/1215,T/LA/2013,Committee of Estates,Justiciary
CO/LA/1216,T/LA/2014,Committee of Estates,Justiciary
CO/LA/1217,T/LA/2015,Committee of Estates,Justiciary
CO/LA/1218,T/LA/2016,Committee of Estates,Justiciary
CO/LA/1219,T/JO/575,Committee of Estates,Justiciary
CO/LA/122,T/LA/168,Privy Council,Suspension of Justiciary
CO/LA/1220,T/JO/577,Committee of Estates,Justiciary
CO/LA/1221,T/JO/582,Committee of Estates,Justiciary
CO/LA/1222,T/JO/584,Committee of Estates,Justiciary
CO/LA/1223,T/LA/2017,Committee of Estates,Justiciary
CO/LA/1224,T/LA/2018,Committee of Estates,Justiciary
CO/LA/1225,T/LA/2019,Committee of Estates,Investigation
CO/LA/1226,T/LA/2020,Committee of Estates,Investigation
CO/LA/1227,T/LA/2021,Committee of Estates,Investigation
CO/LA/1228,T/LA/2022,Committee of Estates,Investigation
CO/LA/1229,T/LA/2023,Committee of Estates,Investigation
CO/LA/123,T/LA/169,,Justiciary
CO/LA/1230,T/LA/2024,Committee of Estates,Investigation
CO/LA/1231,T/LA/2025,Committee of Estates,Investigation
CO/LA/1232,T/LA/2026,Committee of Estates,Investigation
CO/LA/1233,T/LA/2027,Committee of Estates,Investigation
CO/LA/1234,T/LA/2028,Committee of Estates,Investigation
CO/LA/1235,T/LA/2029,Committee of Estates,Investigation
CO/LA/1236,T/LA/2030,Committee of Estates,Investigation
CO/LA/1237,T/LA/2031,Committee of Estates,Investigation
CO/LA/1238,T/LA/2032,Committee of Estates,Investigation
CO/LA/1239,T/LA/2033,Committee of Estates,Investigation
CO/LA/124,T/LA/169,Privy Council,Suspension of Justiciary
CO/LA/1240,T/LA/2034,Committee of Estates,Investigation
CO/LA/1241,T/LA/2035,Committee of Estates,Investigation
CO/LA/1242,T/LA/2036,Committee of Estates,Investigation
CO/LA/1243,T/LA/2037,Committee of Estates,Investigation
CO/LA/1244,T/LA/2038,Committee of Estates,Investigation
CO/LA/1245,T/LA/2039,Committee of Estates,Investigation
CO/LA/1246,T/LA/2040,Committee of Estates,Investigation
CO/LA/1247,T/LA/2041,Committee of Estates,Investigation
CO/LA/1248,T/LA/2042,Committee of Estates,Investigation
CO/LA/1249,T/LA/2043,Committee of Estates,Investigation
CO/LA/125,T/LA/170,,Justiciary
CO/LA/1250,T/LA/2044,Committee of Estates,Investigation
CO/LA/1251,T/LA/2045,Committee of Estates,Investigation
CO/LA/1252,T/LA/2046,Committee of Estates,Investigation
CO/LA/1253,T/LA/2047,Committee of Estates,Investigation
CO/LA/1254,T/JO/580,Committee of Estates,Investigation
CO/LA/1255,T/JO/579,Committee of Estates,Investigation
CO/LA/1256,T/LA/2048,Committee of Estates,Investigation
CO/LA/1257,T/LA/2049,Committee of Estates,Investigation
CO/LA/1258,T/LA/2050,Committee of Estates,Investigation
CO/LA/1259,T/LA/2051,Committee of Estates,Investigation
CO/LA/126,T/LA/170,Privy Council,Suspension of Justiciary
CO/LA/1260,T/LA/2052,Committee of Estates,Investigation
CO/LA/1261,T/LA/2053,Committee of Estates,Investigation
CO/LA/1262,T/LA/2054,Committee of Estates,Investigation
CO/LA/1263,T/LA/2055,Committee of Estates,Justiciary
CO/LA/1264,T/LA/2056,Committee of Estates,Justiciary
CO/LA/1265,T/JO/575,Committee of Estates,Investigation
CO/LA/1266,T/LA/2057,Committee of Estates,Justiciary
CO/LA/1267,T/LA/2058,Committee of Estates,Justiciary
CO/LA/1268,T/JO/140,Committee of Estates,Justiciary
CO/LA/1269,T/JO/139,Committee of Estates,Justiciary
CO/LA/127,T/LA/90,Privy Council,
CO/LA/1270,T/LA/2059,Committee of Estates,Justiciary
CO/LA/1271,T/LA/2060,Committee of Estates,Justiciary
CO/LA/1272,T/LA/2061,Committee of Estates,Justiciary
CO/LA/1273,T/LA/2062,Committee of Estates,Justiciary
CO/LA/1274,T/LA/2063,Committee of Estates,Justiciary
CO/LA/1275,T/JO/145,Committee of Estates,Justiciary
CO/LA/1276,T/LA/1750,Committee of Estates,Justiciary
CO/LA/1277,T/LA/2064,Committee of Estates,Justiciary
CO/LA/1278,T/LA/2065,Committee of Estates,Justiciary
CO/LA/1279,T/LA/2066,Committee of Estates,Justiciary
CO/LA/128,T/LA/90,Privy Council,
CO/LA/1280,T/LA/2067,Committee of Estates,Justiciary
CO/LA/1281,T/JO/574,Committee of Estates,Justiciary
CO/LA/1282,T/LA/2068,Committee of Estates,Justiciary
CO/LA/1283,T/LA/2069,Committee of Estates,Justiciary
CO/LA/1284,T/LA/2070,Committee of Estates,Justiciary
CO/LA/1285,T/LA/2071,Committee of Estates,Justiciary
CO/LA/1286,T/LA/2072,Committee of Estates,Justiciary
CO/LA/1287,T/LA/2073,Committee of Estates,Justiciary
CO/LA/1288,T/LA/2074,Committee of Estates,Justiciary
CO/LA/1289,T/LA/2075,Committee of Estates,Justiciary
CO/LA/129,T/LA/171,Privy Council,
CO/LA/1290,T/LA/2076,Committee of Estates,Justiciary
CO/LA/1291,T/LA/2077,Committee of Estates,Justiciary
CO/LA/1292,T/LA/2078,Committee of Estates,Justiciary
CO/LA/1293,T/LA/2079,Committee of Estates,Justiciary
CO/LA/1294,T/LA/2080,Committee of Estates,Justiciary
CO/LA/1295,T/LA/2081,Committee of Estates,Justiciary
CO/LA/1296,T/LA/2082,Committee of Estates,Justiciary
CO/LA/1297,T/LA/2083,Committee of Estates,Justiciary
CO/LA/1298,T/LA/2084,Committee of Estates,Justiciary
CO/LA/1299,T/LA/2085,Committee of Estates,Justiciary
CO/LA/130,T/LA/173,Privy Council,Suspension of Justiciary
CO/LA/1300,T/LA/2086,Privy Council,Justiciary
CO/LA/1301,T/LA/2087,Privy Council,Justiciary
CO/LA/1303,T/LA/2089,Privy Council,Justiciary
CO/LA/1304,T/LA/2090,Privy Council,Arrest and Justiciary
CO/LA/1305,T/LA/2091,Privy Council,Interrogation and Arrest
CO/LA/1306,T/JO/1470,Privy Council,Justiciary
CO/LA/1307,T/LA/2092,Privy Council,Justiciary
CO/LA/1308,T/LA/2093,Privy Council,Justiciary
CO/LA/1309,T/LA/2094,Privy Council,Justiciary
CO/LA/131,T/LA/174,,Justiciary
CO/LA/1310,T/LA/2095,Privy Council,Justiciary
CO/LA/1311,T/LA/2096,Privy Council,Justiciary
CO/LA/1312,T/LA/2097,Privy Council,Justiciary
CO/LA/1313,T/LA/2098,Privy Council,Justiciary
CO/LA/1314,T/LA/2099,Privy Council,Justiciary
CO/LA/1315,T/LA/2100,Privy Council,Justiciary
CO/LA/1316,T/JO/1180,Privy Council,Justiciary
CO/LA/1317,T/JO/1181,Privy Council,Justiciary
CO/LA/1318,T/LA/135,Privy Council,Justiciary
CO/LA/1319,T/LA/154,Privy Council,Justiciary
CO/LA/132,T/LA/175,Privy Council,
CO/LA/1320,T/LA/2101,Privy Council,Justiciary
CO/LA/1321,T/LA/2102,Privy Council,Justiciary
CO/LA/1322,T/LA/2103,Privy Council,Justiciary
CO/LA/1323,T/LA/2104,Privy Council,Justiciary
CO/LA/1324,T/LA/2105,Privy Council,Justiciary
CO/LA/1325,T/LA/2106,Privy Council,Justiciary
CO/LA/1326,T/LA/2107,Privy Council,Justiciary
CO/LA/1327,T/LA/2108,Privy Council,Justiciary
CO/LA/1328,T/LA/2109,Privy Council,Justiciary
CO/LA/1329,T/LA/2110,Privy Council,Justiciary
CO/LA/133,T/LA/203,Privy Council,
CO/LA/1330,T/LA/2111,Privy Council,Justiciary
CO/LA/1331,T/LA/2112,Privy Council,Justiciary
CO/LA/1332,T/LA/2113,Privy Council,Justiciary
CO/LA/1333,T/LA/2114,Privy Council,Justiciary
CO/LA/1334,T/LA/2115,Privy Council,Justiciary
CO/LA/1335,T/LA/2116,Privy Council,Justiciary
CO/LA/1336,T/LA/2117,Privy Council,Justiciary
CO/LA/1337,T/LA/2118,Privy Council,Justiciary
CO/LA/1338,T/LA/2119,Privy Council,Justiciary
CO/LA/1339,T/LA/2120,Privy Council,Interrogation and Arrest
CO/LA/134,T/LA/204,Privy Council,Suspension of Justiciary
CO/LA/1340,T/LA/2121,Privy Council,Interrogation and Arrest
CO/LA/1341,T/LA/2122,Privy Council,Interrogation and Arrest
CO/LA/1342,T/LA/2123,Privy Council,Interrogation and Arrest
CO/LA/1343,T/LA/2124,Privy Council,Interrogation and Arrest
CO/LA/1344,T/LA/2125,Privy Council,Interrogation and Arrest
CO/LA/1345,T/LA/2126,Privy Council,Justiciary
CO/LA/1346,T/LA/2120,Privy Council,Justiciary
CO/LA/1347,T/LA/2121,Privy Council,Justiciary
CO/LA/1348,T/LA/2127,Privy Council,Justiciary
CO/LA/1349,T/LA/2128,Privy Council,Justiciary
CO/LA/135,T/LA/205,Privy Council,Suspension of Justiciary
CO/LA/1350,T/LA/2129,Privy Council,Justiciary
CO/LA/1351,T/LA/2130,Privy Council,Justiciary
CO/LA/1352,T/LA/2131,Privy Council,Justiciary
CO/LA/1353,T/LA/2132,Privy Council,Justiciary
CO/LA/1354,T/LA/2133,Privy Council,Justiciary
CO/LA/1355,T/LA/2134,Privy Council,Justiciary
CO/LA/1356,T/LA/2135,Privy Council,Justiciary
CO/LA/1357,T/JO/416,Privy Council,Justiciary
CO/LA/1358,T/JO/798,Parliamentary,Justiciary
CO/LA/1359,T/LA/2140,Privy Council,Interrogation and Arrest
CO/LA/136,T/LA/206,Privy Council,
CO/LA/137,T/LA/48,Privy Council,Arrest
CO/LA/138,T/LA/48,Privy Council,Suspension of Justiciary
CO/LA/139,T/LA/207,Privy Council,Arrest
CO/LA/1390,T/LA/2237,Royal Commision - Unknown Origin,Arrest and Justiciary
CO/LA/1391,T/LA/2238,Royal Commision - Unknown Origin,Arrest and Justiciary
CO/LA/1392,T/LA/2239,Royal Commision - Unknown Origin,Arrest and Justiciary
CO/LA/1393,T/LA/2240,Royal Commision - Unknown Origin,Arrest and Justiciary
CO/LA/1394,T/LA/2241,Royal Commision - Unknown Origin,Arrest and Justiciary
CO/LA/1395,T/LA/2242,Royal Commision - Unknown Origin,Arrest and Justiciary
CO/LA/1396,T/LA/2243,Royal Commision - Unknown Origin,Arrest and Justiciary
CO/LA/1397,T/LA/2244,Royal Commision - Unknown Origin,Arrest and Justiciary
CO/LA/1398,T/LA/2245,Royal Commision - Unknown Origin,Arrest and Justiciary
CO/LA/1399,T/LA/2246,Royal Commision - Unknown Origin,Arrest and Justiciary
CO/LA/14,T/LA/64,Privy Council,Interrogation and Arrest
CO/LA/140,T/LA/208,Privy Council,
CO/LA/1400,T/LA/2247,Royal Commision - Unknown Origin,Arrest and Justiciary
CO/LA/1401,T/LA/2248,Royal Commision - Unknown Origin,Arrest and Justiciary
CO/LA/1402,T/LA/2249,Royal Commision - Unknown Origin,Arrest and Justiciary
CO/LA/1403,T/LA/2250,Royal Commision - Unknown Origin,Arrest and Justiciary
CO/LA/1404,T/LA/2251,Royal Commision - Unknown Origin,Arrest and Justiciary
CO/LA/1405,T/LA/2252,Royal Commision - Unknown Origin,Arrest and Justiciary
CO/LA/1406,T/LA/2253,Royal Commision - Unknown Origin,Arrest and Justiciary
CO/LA/1407,T/LA/2254,Royal Commision - Unknown Origin,Arrest and Justiciary
CO/LA/1408,T/LA/2255,Royal Commision - Unknown Origin,Arrest and Justiciary
CO/LA/1409,T/LA/2256,Royal Commision - Unknown Origin,Arrest and Justiciary
CO/LA/141,T/LA/209,Privy Council,Arrest and Justiciary
CO/LA/1410,T/LA/2257,Royal Commision - Unknown Origin,Arrest and Justiciary
CO/LA/1411,T/LA/2258,Royal Commision - Unknown Origin,Arrest and Justiciary
CO/LA/1412,T/LA/2259,Royal Commision - Unknown Origin,Arrest and Justiciary
CO/LA/1413,T/LA/2260,Royal Commision - Unknown Origin,Arrest and Justiciary
CO/LA/1414,T/LA/2261,Royal Commision - Unknown Origin,Arrest and Justiciary
CO/LA/1415,T/LA/2262,Royal Commision - Unknown Origin,Arrest and Justiciary
CO/LA/1416,T/LA/2263,Royal Commision - Unknown Origin,Arrest and Justiciary
CO/LA/1417,T/LA/2264,Royal Commision - Unknown Origin,Arrest and Justiciary
CO/LA/1418,T/LA/2265,Royal Commision - Unknown Origin,Arrest and Justiciary
CO/LA/1419,T/LA/2266,Royal Commision - Unknown Origin,Arrest and Justiciary
CO/LA/142,T/LA/210,Privy Council,Arrest and Justiciary
CO/LA/1420,T/LA/2267,Royal Commision - Unknown Origin,Arrest and Justiciary
CO/LA/1421,T/LA/2268,Royal Commision - Unknown Origin,Arrest and Justiciary
CO/LA/1422,T/LA/2269,Royal Commision - Unknown Origin,Arrest and Justiciary
CO/LA/1423,T/LA/2270,Royal Commision - Unknown Origin,Arrest and Justiciary
CO/LA/1424,T/LA/2271,Royal Commision - Unknown Origin,Arrest and Justiciary
CO/LA/1425,T/LA/2272,Royal Commision - Unknown Origin,Arrest and Justiciary
CO/LA/1426,T/LA/2273,Royal Commision - Unknown Origin,Arrest and Justiciary
CO/LA/1427,T/LA/2274,Royal Commision - Unknown Origin,Arrest and Justiciary
CO/LA/143,T/LA/211,Privy Council,Arrest and Justiciary
CO/LA/144,T/LA/212,Privy Council,Arrest and Justiciary
CO/LA/145,T/LA/213,Privy Council,Interrogation and Arrest
CO/LA/146,T/LA/214,Privy Council,Interrogation and Arrest
CO/LA/147,T/LA/215,Privy Council,Interrogation and Arrest
CO/LA/148,T/LA/216,Privy Council,Interrogation and Arrest
CO/LA/149,T/LA/217,Privy Council,Interrogation and Arrest
CO/LA/15,T/LA/64,Privy Council,Justiciary
CO/LA/150,T/LA/218,Privy Council,Justiciary
CO/LA/151,T/LA/219,Privy Council,Justiciary
CO/LA/152,T/LA/220,Privy Council,Justiciary
CO/LA/153,T/LA/221,Privy Council,Justiciary
CO/LA/154,T/LA/214,Privy Council,Justiciary
CO/LA/155,T/LA/215,Privy Council,Justiciary
CO/LA/156,T/LA/222,Privy Council,Justiciary
CO/LA/157,T/LA/213,Privy Council,Justiciary
CO/LA/158,T/LA/216,Privy Council,Justiciary
CO/LA/159,T/LA/223,Privy Council,Justiciary
CO/LA/16,T/LA/65,Privy Council,Interrogation and Arrest
CO/LA/160,T/LA/224,Privy Council,Justiciary
CO/LA/161,T/LA/225,Privy Council,Justiciary
CO/LA/162,T/LA/226,Privy Council,Arrest and Justiciary
CO/LA/163,T/LA/227,Privy Council,Arrest
CO/LA/164,T/LA/228,Privy Council,Arrest
CO/LA/165,T/LA/229,Privy Council,Arrest
CO/LA/166,T/LA/230,Privy Council,Arrest
CO/LA/167,T/LA/231,Privy Council,Justiciary
CO/LA/168,T/LA/232,Privy Council,Justiciary
CO/LA/169,T/LA/233,Privy Council,Arrest and Justiciary
CO/LA/17,T/LA/65,Privy Council,Justiciary
CO/LA/170,T/LA/234,Privy Council,Arrest and Justiciary
CO/LA/171,T/LA/235,Privy Council,Arrest and Justiciary
CO/LA/172,T/LA/236,Privy Council,Justiciary
CO/LA/173,T/LA/237,Privy Council,Justiciary
CO/LA/174,T/LA/238,Privy Council,Arrest and Justiciary
CO/LA/175,T/LA/239,Privy Council,Arrest and Justiciary
CO/LA/176,T/LA/240,Privy Council,Arrest and Justiciary
CO/LA/177,T/LA/241,Privy Council,Justiciary
CO/LA/178,T/LA/242,Privy Council,Justiciary
CO/LA/179,T/LA/243,Privy Council,Justiciary
CO/LA/18,T/LA/66,Privy Council,Interrogation and Arrest
CO/LA/180,T/LA/244,Privy Council,Justiciary
CO/LA/181,T/LA/245,Privy Council,Justiciary
CO/LA/182,T/LA/246,Privy Council,Arrest and Justiciary
CO/LA/183,T/LA/247,Privy Council,Justiciary
CO/LA/184,T/LA/248,Privy Council,Justiciary
CO/LA/185,T/LA/249,Privy Council,Justiciary
CO/LA/186,T/LA/250,Privy Council,Justiciary
CO/LA/187,T/LA/251,Privy Council,Justiciary
CO/LA/188,T/LA/252,Privy Council,Justiciary
CO/LA/189,T/LA/253,Privy Council,Investigation
CO/LA/19,T/LA/66,Privy Council,Justiciary
CO/LA/190,T/LA/254,Privy Council,Justiciary
CO/LA/191,T/LA/255,Privy Council,Justiciary
CO/LA/192,T/LA/256,Privy Council,Justiciary
CO/LA/193,T/LA/257,Privy Council,Justiciary
CO/LA/194,T/LA/258,Privy Council,Justiciary
CO/LA/195,T/LA/253,Privy Council,Justiciary
CO/LA/196,T/LA/326,Privy Council,Justiciary
CO/LA/2,T/LA/7,Privy Council,Interrogation and Arrest
CO/LA/20,T/LA/67,Privy Council,Interrogation and Arrest
CO/LA/21,T/LA/67,Privy Council,Justiciary
CO/LA/22,T/LA/68,Privy Council,Interrogation and Arrest
CO/LA/23,T/LA/68,Privy Council,Justiciary
CO/LA/24,T/LA/69,Privy Council,Interrogation and Arrest
CO/LA/246,T/LA/345,Privy Council,Justiciary
CO/LA/247,T/LA/346,Privy Council,Justiciary
CO/LA/248,T/LA/347,Privy Council,Justiciary
CO/LA/249,T/LA/348,Privy Council,Justiciary
CO/LA/25,T/LA/69,Privy Council,Justiciary
CO/LA/250,T/LA/349,Privy Council,Justiciary
CO/LA/251,T/LA/350,Privy Council,Justiciary
CO/LA/252,T/LA/351,Privy Council,Justiciary
CO/LA/253,T/LA/352,Privy Council,Justiciary
CO/LA/254,T/LA/353,Privy Council,Justiciary
CO/LA/255,T/LA/354,Privy Council,Justiciary
CO/LA/256,T/LA/355,Privy Council,Justiciary
CO/LA/257,T/LA/356,Privy Council,Justiciary
CO/LA/258,T/LA/357,Privy Council,Justiciary
CO/LA/259,T/LA/358,Privy Council,Justiciary
CO/LA/26,T/LA/70,Privy Council,Interrogation and Arrest
CO/LA/260,T/LA/359,Privy Council,Justiciary
CO/LA/261,T/LA/360,Privy Council,Justiciary
CO/LA/262,T/LA/361,Privy Council,Arrest and Justiciary
CO/LA/263,T/LA/362,Privy Council,Justiciary
CO/LA/264,T/LA/363,Privy Council,Justiciary
CO/LA/265,T/LA/364,Privy Council,Justiciary
CO/LA/266,T/LA/365,Privy Council,Justiciary
CO/LA/267,T/LA/366,Privy Council,Justiciary
CO/LA/268,T/LA/367,Privy Council,Arrest
CO/LA/269,T/LA/368,Privy Council,Interrogation and Arrest
CO/LA/27,T/LA/70,Privy Council,Justiciary
CO/LA/270,T/LA/369,Privy Council,Interrogation and Arrest
CO/LA/271,T/LA/370,Privy Council,Justiciary
CO/LA/272,T/LA/371,Privy Council,Justiciary
CO/LA/273,T/LA/372,Privy Council,Justiciary
CO/LA/274,T/LA/373,Privy Council,Justiciary
CO/LA/275,T/LA/374,Privy Council,Justiciary
CO/LA/276,T/LA/402,Privy Council,Justiciary
CO/LA/277,T/LA/288,Committee of Estates,Justiciary
CO/LA/278,T/LA/416,Privy Council,Interrogation and Arrest
CO/LA/279,T/LA/417,Privy Council,Interrogation and Arrest
CO/LA/28,T/LA/74,Privy Council,Justiciary
CO/LA/280,T/LA/418,Privy Council,Interrogation and Arrest
CO/LA/281,T/LA/419,Privy Council,Interrogation and Arrest
CO/LA/282,T/LA/420,Privy Council,Interrogation and Arrest
CO/LA/283,T/LA/421,Privy Council,Interrogation and Arrest
CO/LA/284,T/LA/422,Privy Council,Interrogation and Arrest
CO/LA/285,T/LA/416,Privy Council,Justiciary
CO/LA/286,T/LA/423,Privy Council,Justiciary
CO/LA/287,T/LA/424,Privy Council,Justiciary
CO/LA/288,T/LA/425,Privy Council,Justiciary
CO/LA/289,T/LA/426,Privy Council,Justiciary
CO/LA/29,T/LA/57,Privy Council,Justiciary
CO/LA/290,T/LA/427,Privy Council,Justiciary
CO/LA/291,T/LA/428,Privy Council,Justiciary
CO/LA/292,T/LA/429,Privy Council,Justiciary
CO/LA/293,T/LA/430,Privy Council,Justiciary
CO/LA/294,T/LA/431,Privy Council,Arrest and Justiciary
CO/LA/295,T/LA/432,Privy Council,Justiciary
CO/LA/296,T/LA/434,Privy Council,Justiciary
CO/LA/297,T/LA/435,Privy Council,Justiciary
CO/LA/298,T/LA/436,Privy Council,Justiciary
CO/LA/299,T/LA/437,Privy Council,Justiciary
CO/LA/3,T/LA/7,Privy Council,Justiciary
CO/LA/30,T/LA/77,Privy Council,Justiciary
CO/LA/300,T/LA/438,Privy Council,Justiciary
CO/LA/301,T/LA/439,Privy Council,Justiciary
CO/LA/302,T/LA/440,Privy Council,Justiciary
CO/LA/303,T/LA/441,Privy Council,Justiciary
CO/LA/304,T/LA/443,Privy Council,Justiciary
CO/LA/305,T/LA/443,Privy Council,
CO/LA/306,T/LA/444,Privy Council,Justiciary
CO/LA/307,T/LA/444,Privy Council,
CO/LA/308,T/LA/445,Privy Council,Justiciary
CO/LA/309,T/LA/446,Privy Council,Justiciary
CO/LA/31,T/LA/78,Privy Council,Justiciary
CO/LA/310,T/LA/446,Privy Council,Justiciary
CO/LA/311,T/LA/447,Privy Council,Justiciary
CO/LA/312,T/LA/448,Privy Council,Justiciary
CO/LA/313,T/LA/449,Privy Council,Interrogation and Arrest
CO/LA/314,T/LA/450,Privy Council,Interrogation and Arrest
CO/LA/315,T/LA/451,Privy Council,Interrogation and Arrest
CO/LA/316,T/LA/452,Privy Council,Interrogation and Arrest
CO/LA/317,T/LA/453,Privy Council,Interrogation and Arrest
CO/LA/318,T/LA/454,Privy Council,Interrogation and Arrest
CO/LA/319,T/LA/455,Privy Council,Interrogation and Arrest
CO/LA/32,T/LA/79,Privy Council,Justiciary
CO/LA/320,T/LA/456,Privy Council,Interrogation and Arrest
CO/LA/321,T/LA/457,Privy Council,Interrogation and Arrest
CO/LA/322,T/LA/458,Privy Council,Interrogation and Arrest
CO/LA/323,T/LA/459,Privy Council,Interrogation and Arrest
CO/LA/324,T/LA/460,Privy Council,Interrogation and Arrest
CO/LA/325,T/LA/461,Privy Council,Interrogation and Arrest
CO/LA/326,T/LA/462,Privy Council,Interrogation and Arrest
CO/LA/327,T/LA/463,Privy Council,Interrogation and Arrest
CO/LA/328,T/LA/464,Privy Council,Interrogation and Arrest
CO/LA/329,T/LA/465,Privy Council,Interrogation and Arrest
CO/LA/33,T/LA/57,,Investigation
CO/LA/330,T/LA/466,Privy Council,Interrogation and Arrest
CO/LA/331,T/LA/467,Privy Council,Interrogation and Arrest
CO/LA/332,T/LA/468,Privy Council,Justiciary
CO/LA/333,T/LA/469,Privy Council,Justiciary
CO/LA/334,T/LA/470,Privy Council,Justiciary
CO/LA/335,T/LA/471,Privy Council,Justiciary
CO/LA/336,T/LA/472,Privy Council,Justiciary
CO/LA/337,T/LA/454,Privy Council,Justiciary
CO/LA/338,T/LA/452,Privy Council,Justiciary
CO/LA/339,T/LA/451,Privy Council,Justiciary
CO/LA/340,T/LA/473,Privy Council,Justiciary
CO/LA/341,T/LA/474,Privy Council,Justiciary
CO/LA/342,T/LA/475,Privy Council,Investigation
CO/LA/343,T/LA/476,Privy Council,Investigation
CO/LA/344,T/LA/477,Privy Council,Justiciary
CO/LA/345,T/LA/478,Privy Council,Justiciary
CO/LA/346,T/LA/479,Privy Council,Interrogation and Arrest
CO/LA/347,T/LA/479,Privy Council,Suspension of Justiciary
CO/LA/348,T/LA/480,Privy Council,Justiciary
CO/LA/349,T/LA/481,Privy Council,Arrest and Justiciary
CO/LA/350,T/LA/482,Privy Council,Arrest and Justiciary
CO/LA/351,T/LA/483,Privy Council,Arrest and Justiciary
CO/LA/352,T/LA/484,Privy Council,Arrest and Justiciary
CO/LA/353,T/LA/485,Privy Council,Arrest and Justiciary
CO/LA/354,T/LA/486,Privy Council,Arrest and Justiciary
CO/LA/355,T/LA/487,Privy Council,Justiciary
CO/LA/356,T/LA/488,Privy Council,Justiciary
CO/LA/357,T/LA/489,Privy Council,Release
CO/LA/358,T/LA/491,Privy Council,Justiciary
CO/LA/359,T/LA/492,Privy Council,Justiciary
CO/LA/360,T/LA/493,Privy Council,Justiciary
CO/LA/361,T/LA/494,Privy Council,Justiciary
CO/LA/362,T/LA/495,Privy Council,Justiciary
CO/LA/363,T/LA/496,Privy Council,Interrogation and Arrest
CO/LA/364,T/LA/498,Privy Council,Justiciary
CO/LA/365,T/JO/310,Privy Council,Justiciary
CO/LA/366,T/LA/499,Privy Council,Justiciary
CO/LA/367,T/LA/500,Privy Council,Justiciary
CO/LA/368,T/LA/501,Privy Council,Justiciary
CO/LA/369,T/LA/502,Privy Council,Justiciary
CO/LA/370,T/LA/503,Privy Council,Justiciary
CO/LA/371,T/LA/489,Privy Council,Justiciary
CO/LA/372,T/LA/504,Privy Council,Justiciary
CO/LA/373,T/LA/505,Privy Council,Justiciary
CO/LA/374,T/LA/506,Privy Council,Justiciary
CO/LA/375,T/LA/507,Privy Council,Justiciary
CO/LA/376,T/LA/508,Privy Council,Justiciary
CO/LA/377,T/LA/509,Privy Council,Justiciary
CO/LA/4,T/LA/8,Privy Council,Interrogation and Arrest
CO/LA/414,T/LA/596,Privy Council,Arrest and Justiciary
CO/LA/415,T/LA/597,Privy Council,Arrest and Justiciary
CO/LA/416,T/LA/598,Privy Council,Arrest and Justiciary
CO/LA/417,T/LA/599,Privy Council,Arrest and Justiciary
CO/LA/418,T/LA/600,Privy Council,Justiciary
CO/LA/419,T/LA/601,Privy Council,Justiciary
CO/LA/420,T/LA/602,Privy Council,Justiciary
CO/LA/421,T/LA/603,Privy Council,Justiciary
CO/LA/422,T/LA/604,Privy Council,Justiciary
CO/LA/423,T/LA/605,Privy Council,Justiciary
CO/LA/424,T/LA/606,Privy Council,Justiciary
CO/LA/425,T/LA/607,Privy Council,Justiciary
CO/LA/426,T/LA/608,Privy Council,Justiciary
CO/LA/427,T/LA/609,Privy Council,Justiciary
CO/LA/428,T/LA/610,Privy Council,Justiciary
CO/LA/429,T/LA/15,Privy Council,Arrest
CO/LA/430,T/LA/611,Privy Council,Arrest
CO/LA/431,T/LA/612,Privy Council,Arrest
CO/LA/432,T/LA/83,Privy Council,Arrest
CO/LA/433,T/LA/1,Privy Council,Investigation
CO/LA/434,T/LA/613,Privy Council,Arrest and Justiciary
CO/LA/435,T/LA/614,Privy Council,Arrest and Justiciary
CO/LA/436,T/LA/615,Privy Council,Justiciary
CO/LA/438,T/LA/83,Privy Council,Investigation
CO/LA/439,T/LA/508,Privy Council,Justiciary
CO/LA/443,T/LA/479,Privy Council,Investigation
CO/LA/445,T/LA/618,Privy Council,Release
CO/LA/446,T/LA/618,Privy Council,Justiciary
CO/LA/447,T/LA/618,Privy Council,Interrogation and Arrest
CO/LA/448,T/LA/618,Privy Council,Arrest
CO/LA/449,T/LA/618,Privy Council,Release
CO/LA/450,T/LA/84,Privy Council,Investigation
CO/LA/451,T/LA/84,,
CO/LA/452,T/LA/619,Privy Council,Arrest and Justiciary
CO/LA/453,T/LA/620,Privy Council,Justiciary
CO/LA/454,T/LA/621,Privy Council,Justiciary
CO/LA/455,T/LA/622,Privy Council,Justiciary
CO/LA/456,T/LA/623,Privy Council,Justiciary
CO/LA/457,T/LA/624,Privy Council,Justiciary
CO/LA/458,T/LA/625,Privy Council,Justiciary
CO/LA/459,T/LA/626,Privy Council,Justiciary
CO/LA/460,T/LA/612,Privy Council,Justiciary
CO/LA/461,T/LA/627,Privy Council,Justiciary
CO/LA/462,T/LA/628,Privy Council,Investigation
CO/LA/463,T/LA/629,Privy Council,Justiciary
CO/LA/464,T/LA/630,Privy Council,Justiciary
CO/LA/465,T/LA/631,Privy Council,Justiciary
CO/LA/466,T/LA/632,Privy Council,Justiciary
CO/LA/467,T/LA/633,Privy Council,Justiciary
CO/LA/468,T/LA/634,Privy Council,Justiciary
CO/LA/469,T/LA/635,Privy Council,Justiciary
CO/LA/470,T/LA/636,Privy Council,Justiciary
CO/LA/471,T/LA/637,Privy Council,Justiciary
CO/LA/472,T/LA/638,Privy Council,Justiciary
CO/LA/473,T/LA/639,Privy Council,Justiciary
CO/LA/474,T/LA/640,Privy Council,Justiciary
CO/LA/475,T/LA/641,Privy Council,Justiciary
CO/LA/476,T/LA/642,Privy Council,Justiciary
CO/LA/477,T/LA/643,Privy Council,Justiciary
CO/LA/478,T/LA/644,Privy Council,Justiciary
CO/LA/479,T/LA/643,Privy Council,
CO/LA/480,T/LA/643,Privy Council,
CO/LA/481,T/LA/642,Privy Council,
CO/LA/482,T/LA/642,Privy Council,
CO/LA/483,T/LA/645,Privy Council,Justiciary
CO/LA/484,T/LA/646,Privy Council,Justiciary
CO/LA/485,T/LA/647,Privy Council,Justiciary
CO/LA/486,T/LA/615,Privy Council,Justiciary
CO/LA/487,T/LA/648,Privy Council,Justiciary
CO/LA/488,T/LA/649,Privy Council,Justiciary
CO/LA/489,T/LA/650,Privy Council,Justiciary
CO/LA/490,T/LA/651,Privy Council,Justiciary
CO/LA/491,T/LA/652,Privy Council,Justiciary
CO/LA/492,T/LA/653,Privy Council,Justiciary
CO/LA/493,T/LA/654,Privy Council,Justiciary
CO/LA/494,T/LA/655,Privy Council,Justiciary
CO/LA/495,T/LA/656,Privy Council,Justiciary
CO/LA/497,T/LA/658,Privy Council,Justiciary
CO/LA/498,T/LA/659,Privy Council,Justiciary
CO/LA/499,T/LA/99,Privy Council,
CO/LA/5,T/LA/8,Privy Council,Justiciary
CO/LA/50,T/LA/1,Privy Council,Justiciary
CO/LA/500,T/LA/660,Privy Council,Justiciary
CO/LA/501,T/LA/661,Privy Council,Justiciary
CO/LA/502,T/LA/662,Privy Council,Justiciary
CO/LA/503,T/LA/663,Privy Council,Justiciary
CO/LA/504,T/LA/664,Privy Council,Justiciary
CO/LA/505,T/LA/665,Privy Council,Justiciary
CO/LA/506,T/LA/666,Privy Council,Justiciary
CO/LA/507,T/LA/667,Privy Council,Justiciary
CO/LA/508,T/LA/668,Privy Council,Justiciary
CO/LA/509,T/LA/669,Privy Council,Justiciary
CO/LA/51,T/LA/83,Privy Council,Investigation
CO/LA/510,T/LA/670,Privy Council,Justiciary
CO/LA/511,T/LA/496,Privy Council,Justiciary
CO/LA/512,T/LA/671,Privy Council,Justiciary
CO/LA/513,T/LA/672,Privy Council,Justiciary
CO/LA/514,T/LA/626,Privy Council,
CO/LA/515,T/LA/673,Privy Council,Investigation
CO/LA/516,T/LA/673,Privy Council,Justiciary
CO/LA/517,T/LA/674,Privy Council,Investigation
CO/LA/518,T/LA/674,Privy Council,Investigation
CO/LA/519,T/LA/674,Privy Council,
CO/LA/52,T/LA/83,Privy Council,Investigation
CO/LA/520,T/LA/675,Privy Council,Investigation
CO/LA/521,T/LA/675,Privy Council,Investigation
CO/LA/556,T/LA/704,Privy Council,Justiciary
CO/LA/557,T/LA/705,Privy Council,Justiciary
CO/LA/558,T/LA/706,Privy Council,Investigation
CO/LA/559,T/LA/707,Privy Council,Investigation
CO/LA/56,T/LA/15,Privy Council,Arrest
CO/LA/560,T/LA/708,Privy Council,Investigation
CO/LA/561,T/LA/709,Privy Council,Investigation
CO/LA/562,T/LA/710,Privy Council,Investigation
CO/LA/563,T/LA/711,Privy Council,Investigation
CO/LA/564,T/LA/712,Privy Council,Investigation
CO/LA/565,T/LA/713,Privy Council,Investigation
CO/LA/566,T/LA/714,Privy Council,Investigation
CO/LA/567,T/LA/715,Privy Council,Investigation
CO/LA/568,T/LA/716,Privy Council,Investigation
CO/LA/569,T/LA/717,Privy Council,Justiciary
CO/LA/57,T/LA/15,Privy Council,Investigation
CO/LA/570,T/LA/718,Privy Council,Justiciary
CO/LA/571,T/LA/719,Privy Council,Justiciary
CO/LA/572,T/LA/720,Privy Council,Release
CO/LA/573,T/LA/720,Privy Council,Justiciary
CO/LA/574,T/LA/720,Privy Council,Arrest and Justiciary
CO/LA/575,T/LA/721,Privy Council,Release
CO/LA/576,T/LA/721,Privy Council,Justiciary
CO/LA/577,T/LA/721,Privy Council,Justiciary
CO/LA/578,T/LA/722,Privy Council,Interrogation and Arrest
CO/LA/579,T/LA/723,Privy Council,Justiciary
CO/LA/58,T/LA/15,Privy Council,Investigation
CO/LA/580,T/LA/724,Privy Council,Justiciary
CO/LA/581,T/LA/725,Privy Council,Justiciary
CO/LA/582,T/LA/726,Privy Council,
CO/LA/583,T/LA/727,Privy Council,
CO/LA/584,T/LA/728,Privy Council,Arrest
CO/LA/585,T/LA/729,Privy Council,Arrest
CO/LA/586,T/LA/730,Privy Council,Arrest
CO/LA/587,T/LA/731,Privy Council,Arrest
CO/LA/588,T/LA/732,Privy Council,Arrest
CO/LA/589,T/LA/733,Privy Council,Arrest
CO/LA/59,T/LA/15,Privy Council,Investigation
CO/LA/590,T/LA/736,Privy Council,Justiciary
CO/LA/591,T/LA/737,Privy Council,Justiciary
CO/LA/592,T/LA/738,Privy Council,Justiciary
CO/LA/593,T/LA/739,Privy Council,Justiciary
CO/LA/594,T/LA/740,Privy Council,Justiciary
CO/LA/595,T/LA/741,Privy Council,Justiciary
CO/LA/596,T/LA/742,Privy Council,Justiciary
CO/LA/597,T/LA/743,Privy Council,Justiciary
CO/LA/598,T/LA/744,Privy Council,Arrest and Justiciary
CO/LA/599,T/LA/745,Privy Council,Arrest and Justiciary
CO/LA/6,T/LA/28,Royal Commision - Unknown Origin,
CO/LA/60,T/LA/84,Privy Council,Investigation
CO/LA/600,T/LA/746,Privy Council,Arrest and Justiciary
CO/LA/601,T/LA/747,Privy Council,Arrest and Justiciary
CO/LA/602,T/LA/748,Privy Council,Arrest and Justiciary
CO/LA/603,T/LA/749,Privy Council,Justiciary
CO/LA/604,T/LA/750,Privy Council,Justiciary
CO/LA/605,T/LA/751,Privy Council,Justiciary
CO/LA/606,T/LA/752,Privy Council,Justiciary
CO/LA/607,T/LA/722,Privy Council,Justiciary
CO/LA/608,T/LA/753,Privy Council,Justiciary
CO/LA/609,T/LA/754,Privy Council,Justiciary
CO/LA/61,T/LA/84,Privy Council,Investigation
CO/LA/610,T/LA/755,Privy Council,Justiciary
CO/LA/611,T/LA/756,Privy Council,Justiciary
CO/LA/612,T/LA/757,Privy Council,Justiciary
CO/LA/613,T/LA/758,Privy Council,Justiciary
CO/LA/614,T/LA/759,Privy Council,Justiciary
CO/LA/615,T/LA/760,Privy Council,Justiciary
CO/LA/616,T/LA/761,Privy Council,Justiciary
CO/LA/617,T/LA/762,Privy Council,Justiciary
CO/LA/618,T/LA/763,Privy Council,Justiciary
CO/LA/619,T/LA/764,Privy Council,Justiciary
CO/LA/62,T/LA/84,Privy Council,Investigation
CO/LA/620,T/LA/765,Privy Council,Justiciary
CO/LA/621,T/LA/766,Privy Council,Justiciary
CO/LA/622,T/LA/768,Privy Council,Justiciary
CO/LA/623,T/LA/25,Privy Council,Interrogation and Arrest
CO/LA/624,T/LA/780,Privy Council,Justiciary
CO/LA/625,T/LA/781,Privy Council,Justiciary
CO/LA/626,T/LA/782,Privy Council,Justiciary
CO/LA/627,T/LA/783,Privy Council,Justiciary
CO/LA/628,T/LA/784,Privy Council,Investigation
CO/LA/629,T/LA/785,Privy Council,Interrogation and Arrest
CO/LA/63,T/LA/84,Privy Council,Investigation
CO/LA/630,T/LA/786,Privy Council,Interrogation and Arrest
CO/LA/631,T/LA/787,Privy Council,Interrogation and Arrest
CO/LA/632,T/LA/788,Privy Council,Interrogation and Arrest
CO/LA/633,T/LA/789,Privy Council,Interrogation and Arrest
CO/LA/634,T/LA/790,Privy Council,Interrogation and Arrest
CO/LA/635,T/LA/791,Privy Council,Interrogation and Arrest
CO/LA/636,T/LA/792,Privy Council,Interrogation and Arrest
CO/LA/637,T/LA/793,Privy Council,Interrogation and Arrest
CO/LA/638,T/LA/794,Privy Council,Interrogation and Arrest
CO/LA/639,T/LA/795,Privy Council,Interrogation and Arrest
CO/LA/64,T/LA/15,Privy Council,Investigation
CO/LA/640,T/LA/796,Privy Council,Interrogation and Arrest
CO/LA/641,T/LA/797,Privy Council,Arrest and Justiciary
CO/LA/642,T/LA/798,Privy Council,Justiciary
CO/LA/643,T/LA/784,Privy Council,Investigation
CO/LA/644,T/LA/800,Privy Council,
CO/LA/645,T/LA/801,Privy Council,
CO/LA/646,T/LA/802,,
CO/LA/647,T/LA/808,Privy Council,Arrest
CO/LA/648,T/LA/808,Privy Council,Suspension of Justiciary
CO/LA/649,T/LA/808,Privy Council,Investigation
CO/LA/65,T/LA/15,Privy Council,Investigation
CO/LA/650,T/LA/808,Privy Council,Justiciary
CO/LA/651,T/LA/810,Privy Council,Justiciary
CO/LA/652,T/LA/812,Privy Council,Justiciary
CO/LA/653,T/LA/812,Privy Council,Justiciary
CO/LA/654,T/LA/810,Privy Council,Justiciary
CO/LA/655,T/LA/813,Privy Council,Release
CO/LA/66,T/LA/24,Privy Council,Arrest
CO/LA/67,T/LA/86,Privy Council,Interrogation and Arrest
CO/LA/68,T/LA/87,Privy Council,Interrogation and Arrest
CO/LA/69,T/LA/87,Privy Council,Suspension of Justiciary
CO/LA/7,T/LA/27,Royal Commision - Unknown Origin,
CO/LA/70,T/LA/86,Privy Council,Suspension of Justiciary
CO/LA/71,T/LA/88,Privy Council,Arrest
CO/LA/72,T/LA/90,Privy Council,Justiciary
CO/LA/73,T/LA/90,Privy Council,Suspension of Justiciary
CO/LA/74,T/LA/24,Privy Council,Arrest
CO/LA/75,T/LA/24,Privy Council,Arrest
CO/LA/76,T/LA/24,Privy Council,Investigation
CO/LA/77,T/LA/97,Privy Council,Investigation
CO/LA/78,T/LA/97,Privy Council,Investigation
CO/LA/782,T/LA/172,Privy Council,
CO/LA/783,T/LA/999,Privy Council,Investigation
CO/LA/784,T/LA/1001,Privy Council,
CO/LA/785,T/LA/1002,Privy Council,
CO/LA/786,T/LA/1005,Privy Council,
CO/LA/787,T/LA/1006,Privy Council,Justiciary
CO/LA/788,T/LA/1006,Privy Council,
CO/LA/789,T/LA/1007,Privy Council,Justiciary
CO/LA/79,T/LA/24,Privy Council,Investigation
CO/LA/790,T/LA/1007,Privy Council,
CO/LA/791,T/LA/1013,Privy Council,Justiciary
CO/LA/792,T/LA/1015,Committee of Estates,Justiciary
CO/LA/793,T/LA/1023,Privy Council,Justiciary
CO/LA/794,T/LA/1026,Privy Council,Justiciary
CO/LA/795,T/LA/1027,Privy Council,Justiciary
CO/LA/796,T/LA/1028,Privy Council,Justiciary
CO/LA/797,T/LA/1029,Privy Council,Justiciary
CO/LA/798,T/LA/1030,Privy Council,Justiciary
CO/LA/799,T/LA/1031,Privy Council,Justiciary
CO/LA/8,T/LA/53,Privy Council,Arrest
CO/LA/80,T/LA/98,Privy Council,Investigation
CO/LA/800,T/LA/1032,Privy Council,Justiciary
CO/LA/801,T/LA/1033,Privy Council,Justiciary
CO/LA/802,T/LA/1034,Privy Council,Justiciary
CO/LA/803,T/LA/1035,Privy Council,Justiciary
CO/LA/804,T/LA/1036,Privy Council,Justiciary
CO/LA/805,T/LA/1055,Privy Council,Release
CO/LA/81,T/LA/98,Privy Council,Investigation
CO/LA/82,T/LA/99,Privy Council,Investigation
CO/LA/83,T/LA/99,Privy Council,Investigation
CO/LA/84,T/LA/99,Privy Council,Investigation
CO/LA/87,T/LA/100,Privy Council,Investigation
CO/LA/88,T/LA/100,Privy Council,Investigation
CO/LA/89,T/LA/98,Privy Council,Investigation
CO/LA/9,T/LA/54,Privy Council,Arrest
CO/LA/90,T/LA/99,Privy Council,Investigation
CO/LA/91,T/LA/24,Privy Council,Investigation
CO/LA/911,T/LA/1062,Privy Council,Justiciary
CO/LA/912,T/JO/94,Privy Council,Justiciary
CO/LA/913,T/JO/95,Privy Council,Justiciary
CO/LA/914,T/LA/1070,Privy Council,Justiciary
CO/LA/915,T/LA/1071,Privy Council,Justiciary
CO/LA/916,T/LA/1072,Privy Council,Justiciary
CO/LA/917,T/LA/1073,Privy Council,Justiciary
CO/LA/918,T/LA/1074,Privy Council,Release
CO/LA/919,T/LA/1075,Privy Council,
CO/LA/92,T/LA/24,Privy Council,Investigation
CO/LA/920,T/LA/1075,Committee of Estates,Justiciary
CO/LA/921,T/LA/1076,Committee of Estates,Justiciary
CO/LA/922,T/LA/1077,Privy Council,Release
CO/LA/923,T/LA/1078,Privy Council,Justiciary
CO/LA/924,T/LA/1079,Privy Council,Justiciary
CO/LA/925,T/LA/1091,Privy Council,Justiciary
CO/LA/926,T/LA/1092,Privy Council,Justiciary
CO/LA/927,T/LA/1093,Privy Council,Justiciary
CO/LA/928,T/LA/1094,Privy Council,Justiciary
CO/LA/929,T/LA/1095,Privy Council,Justiciary
CO/LA/93,T/LA/24,Privy Council,Investigation
CO/LA/933,T/LA/1168,Privy Council,Justiciary
CO/LA/934,T/LA/1190,Privy Council,Justiciary
CO/LA/935,T/LA/1189,Privy Council,Justiciary
CO/LA/936,T/LA/1199,Privy Council,Justiciary
CO/LA/937,T/JO/1131,Privy Council,Justiciary
CO/LA/938,T/LA/1201,Privy Council,Justiciary
CO/LA/939,T/JO/1133,Privy Council,Justiciary
CO/LA/94,T/LA/101,Privy Council,Justiciary
CO/LA/940,T/LA/1191,Privy Council,Justiciary
CO/LA/941,T/JO/1132,Privy Council,Justiciary
CO/LA/942,T/LA/1209,Privy Council,Justiciary
CO/LA/943,T/LA/1210,Privy Council,Justiciary
CO/LA/944,T/LA/1211,Privy Council,Justiciary
CO/LA/945,T/LA/1212,Privy Council,Justiciary
CO/LA/946,T/JO/1135,Privy Council,Justiciary
CO/LA/947,T/LA/1213,Privy Council,Justiciary
CO/LA/948,T/LA/1214,Privy Council,Justiciary
CO/LA/949,T/LA/1215,Privy Council,Justiciary
CO/LA/95,T/LA/102,Privy Council,Justiciary
CO/LA/950,T/LA/1216,Privy Council,Justiciary
CO/LA/951,T/LA/1217,Privy Council,Justiciary
CO/LA/952,T/LA/1218,Privy Council,Justiciary
CO/LA/953,T/LA/1219,Privy Council,Justiciary
CO/LA/954,T/LA/1220,Privy Council,Justiciary
CO/LA/955,T/LA/1221,Privy Council,Justiciary
CO/LA/956,T/LA/1222,Privy Council,Justiciary
CO/LA/957,T/LA/1247,Privy Council,Justiciary
CO/LA/96,T/LA/103,Privy Council,Justiciary
CO/LA/960,T/LA/1433,Privy Council,Justiciary
CO/LA/961,T/LA/1164,Privy Council,Release
CO/LA/962,T/LA/1507,High Court,Justiciary
CO/LA/963,T/LA/1508,,Justiciary
CO/LA/964,T/LA/1509,,Justiciary
CO/LA/965,T/LA/1510,,Justiciary
CO/LA/966,T/LA/1511,,Justiciary
CO/LA/967,T/LA/1512,,Justiciary
CO/LA/968,T/LA/1513,,Justiciary
CO/LA/969,T/LA/1514,,Justiciary
CO/LA/97,T/LA/25,Privy Council,Investigation
CO/LA/970,T/LA/1515,,Justiciary
CO/LA/971,T/LA/1516,,Justiciary
CO/LA/972,T/LA/1517,,Justiciary
CO/LA/973,T/LA/1518,,Justiciary
CO/LA/974,T/LA/1519,,Justiciary
CO/LA/975,T/LA/1520,,Justiciary
CO/LA/976,T/LA/1521,,Justiciary
CO/LA/977,T/LA/1522,,Justiciary
CO/LA/978,T/LA/1523,,Justiciary
CO/LA/979,T/LA/1524,,Justiciary
CO/LA/98,T/LA/104,Privy Council,Justiciary
CO/LA/980,T/LA/1525,,Justiciary
CO/LA/981,T/LA/1526,,Justiciary
CO/LA/982,T/JO/90,Committee of Estates,Justiciary
CO/LA/983,T/LA/1528,Committee of Estates,Justiciary
CO/LA/984,T/LA/1555,Committee of Estates,Justiciary
CO/LA/985,T/LA/1639,Royal Commision - Unknown Origin,Justiciary
CO/LA/986,T/LA/1640,,Justiciary
CO/LA/987,T/LA/1641,,Justiciary
CO/LA/988,T/LA/1642,Royal Commision - Unknown Origin,Justiciary
CO/LA/989,T/LA/1643,Royal Commision - Unknown Origin,Justiciary
CO/LA/99,T/LA/137,Privy Council,Justiciary
CO/LA/990,T/LA/1644,Royal Commision - Unknown Origin,Justiciary
CO/LA/994,T/LA/1730,,Justiciary
CO/LA/995,T/LA/1731,,Justiciary
CO/LA/996,T/LA/1732,,Justiciary
CO/LA/997,T/LA/1733,,Justiciary
CO/LA/998,T/LA/1734,,Justiciary
CO/LA/999,T/LA/1735,,Justiciary