ConfessionRef,Trialref,CentralTrialConfession,Confessionrec,Confessiondate_as_date,Confessionlocation,Confessiontext,Confessiondetails,Confessionret
CF/JO/1,T/JO/2,0,1,4/19/1943 0:00:00,Haddington,0,1,0
CF/JO/100,T/JO/180,0,1,6/19/1950 0:00:00,Haddington,0,0,0
CF/JO/101,T/JO/181,0,1,6/19/1960 0:00:00,Haddington,0,0,0
CF/JO/102,T/JO/182,0,1,6/26/1950 0:00:00,Haddington,0,0,0
CF/JO/103,T/JO/183,0,1,6/26/1950 0:00:00,Haddington,0,0,0
CF/JO/104,T/JO/184,0,1,6/26/1950 0:00:00,Haddington,0,0,0
CF/JO/105,T/JO/185,0,1,6/26/1950 0:00:00,Haddington,0,0,0
CF/JO/106,T/JO/186,0,1,6/26/1950 0:00:00,Haddington,0,0,0
CF/JO/107,T/JO/187,0,1,6/26/1950 0:00:00,Haddington,0,0,0
CF/JO/108,T/JO/188,0,1,6/26/1950 0:00:00,Haddington,0,0,0
CF/JO/109,T/JO/189,0,1,6/26/1950 0:00:00,Haddington,0,0,0
CF/JO/110,T/JO/190,0,1,7/4/1950 0:00:00,Haddington,0,0,0
CF/JO/111,T/JO/193,0,1,7/4/1950 0:00:00,Haddington,0,0,0
CF/JO/112,T/JO/194,0,1,7/4/1950 0:00:00,Haddington,0,0,0
CF/JO/113,T/JO/195,0,1,7/4/1950 0:00:00,Haddington,0,0,0
CF/JO/114,T/JO/196,0,1,7/4/1950 0:00:00,Haddington,0,0,0
CF/JO/115,T/JO/197,0,1,7/4/1950 0:00:00,Haddington,0,0,0
CF/JO/116,T/JO/198,0,1,7/4/1950 0:00:00,Haddington,0,0,0
CF/JO/117,T/JO/199,0,1,7/4/1950 0:00:00,Haddington,0,0,0
CF/JO/118,T/JO/200,0,1,7/8/1950 0:00:00,Tranent,0,0,0
CF/JO/119,T/JO/201,0,1,7/17/1950 0:00:00,Haddington,0,0,0
CF/JO/120,T/JO/202,0,1,7/17/1950 0:00:00,Haddington,0,0,0
CF/JO/121,T/JO/203,0,1,6/1/1997 0:00:00,Foveran,0,0,0
CF/JO/122,T/JO/205,0,1,6/1/1973 0:00:00,,0,0,0
CF/JO/142,T/JO/307,0,1,10/9/2028 0:00:00,Dalkeith,0,0,0
CF/JO/143,T/JO/305,0,1,9/4/2028 0:00:00,Dalkeith,0,1,0
CF/JO/144,T/JO/304,0,1,9/4/2028 0:00:00,Dalkeith,0,1,0
CF/JO/145,T/JO/306,0,1,9/4/2028 0:00:00,Dalkeith,0,1,0
CF/JO/146,T/JO/308,0,1,10/9/2028 0:00:00,Dalkeith,0,1,0
CF/JO/147,T/JO/309,0,1,11/20/2028 0:00:00,Dalkeith,0,0,0
CF/JO/148,T/JO/310,0,1,11/20/2028 0:00:00,Dalkeith,0,1,0
CF/JO/149,T/JO/311,0,1,11/20/2028 0:00:00,Dalkeith,0,0,0
CF/JO/150,T/JO/312,0,1,11/20/2028 0:00:00,Dalkeith,0,1,0
CF/JO/151,T/JO/313,0,1,11/20/2028 0:00:00,Dalkeith,0,1,0
CF/JO/152,T/JO/314,0,1,11/20/2028 0:00:00,Dalkeith,0,1,0
CF/JO/153,T/JO/315,0,1,11/20/2028 0:00:00,Dalkeith,0,1,0
CF/JO/154,T/JO/333,0,1,4/29/1930 0:00:00,Crichton,0,0,0
CF/JO/155,T/JO/345,0,1,2/1/1941 0:00:00,,0,0,0
CF/JO/156,T/JO/346,0,1,7/1/1943 0:00:00,Carrington,0,0,0
CF/JO/157,T/JO/347,0,1,7/1/1943 0:00:00,Carrington,0,0,0
CF/JO/158,T/JO/348,0,1,8/1/1949 0:00:00,Fala,0,0,0
CF/JO/159,T/JO/349,0,1,8/1/1949 0:00:00,Ormiston,0,0,0
CF/JO/160,T/JO/350,0,1,8/1/1949 0:00:00,Ormiston,0,0,0
CF/JO/161,T/JO/351,0,1,9/1/1949 0:00:00,Borthwick,0,0,0
CF/JO/162,T/JO/352,0,1,9/1/1949 0:00:00,Newton,0,0,0
CF/JO/163,T/JO/353,0,1,9/1/1949 0:00:00,,0,0,0
CF/JO/164,T/JO/354,0,1,9/1/1949 0:00:00,,0,0,0
CF/JO/165,T/JO/355,0,1,9/1/1949 0:00:00,,0,0,0
CF/JO/166,T/JO/356,0,1,9/1/1949 0:00:00,,0,0,0
CF/JO/169,T/JO/359,0,1,10/1/1949 0:00:00,,0,0,0
CF/JO/170,T/JO/360,0,1,10/1/1949 0:00:00,,0,0,0
CF/JO/171,T/JO/361,0,1,10/1/1949 0:00:00,,0,0,0
CF/JO/172,T/JO/362,0,1,10/1/1949 0:00:00,,0,0,0
CF/JO/173,T/JO/363,0,1,10/1/1949 0:00:00,,0,0,0
CF/JO/174,T/JO/364,0,1,10/1/1949 0:00:00,,0,0,0
CF/JO/175,T/JO/366,0,1,10/1/1949 0:00:00,,0,0,0
CF/JO/176,T/JO/367,0,1,10/1/1949 0:00:00,,0,0,0
CF/JO/177,T/JO/368,0,1,10/1/1949 0:00:00,,0,0,0
CF/JO/178,T/JO/370,0,1,11/15/1949 0:00:00,Dalkeith,0,0,0
CF/JO/179,T/JO/371,0,1,11/15/1949 0:00:00,Dalkeith,0,0,0
CF/JO/18,T/JO/91,0,1,6/1/1949 0:00:00,Dirleton,0,0,0
CF/JO/180,T/JO/372,0,1,11/15/1949 0:00:00,Dalkeith,0,0,0
CF/JO/181,T/JO/373,0,1,11/15/1949 0:00:00,Dalkeith,0,0,0
CF/JO/182,T/JO/374,0,1,11/15/1949 0:00:00,Dalkeith,0,0,0
CF/JO/183,T/JO/375,0,1,11/15/1949 0:00:00,,0,0,0
CF/JO/184,T/JO/376,0,1,11/15/1949 0:00:00,,0,0,0
CF/JO/185,T/JO/377,0,1,12/1/1949 0:00:00,,0,0,0
CF/JO/186,T/JO/378,0,1,12/1/1949 0:00:00,,0,0,0
CF/JO/187,T/JO/379,0,1,12/1/1949 0:00:00,,0,0,0
CF/JO/188,T/JO/380,0,1,12/1/1949 0:00:00,,0,0,0
CF/JO/189,T/JO/381,0,1,12/1/1949 0:00:00,,0,0,0
CF/JO/19,T/JO/92,0,1,6/1/1949 0:00:00,Dirleton,0,0,0
CF/JO/190,T/JO/382,0,1,1/1/1950 0:00:00,,0,0,0
CF/JO/191,T/JO/383,0,1,1/1/1950 0:00:00,,0,0,0
CF/JO/192,T/JO/384,0,1,1/1/1950 0:00:00,,0,0,0
CF/JO/193,T/JO/385,0,1,1/1/1950 0:00:00,,0,0,0
CF/JO/194,T/JO/386,0,1,1/1/1950 0:00:00,,0,0,0
CF/JO/195,T/JO/387,0,1,1/1/1950 0:00:00,,0,0,0
CF/JO/196,T/JO/388,0,1,1/1/1950 0:00:00,,0,0,0
CF/JO/197,T/JO/389,0,1,1/1/1950 0:00:00,,0,0,0
CF/JO/198,T/JO/390,0,1,7/1/1951 0:00:00,Temple,0,0,0
CF/JO/199,T/JO/391,0,1,7/1/1951 0:00:00,Temple,0,0,0
CF/JO/20,T/JO/94,0,1,9/8/1949 0:00:00,Haddington,0,1,0
CF/JO/200,T/JO/392,0,1,7/29/1961 0:00:00,Easter Duddingston,0,0,0
CF/JO/201,T/JO/393,0,1,7/13/1961 0:00:00,Duddingston,1,1,0
CF/JO/203,T/LA/319,0,1,7/18/1961 0:00:00,Duddingston,1,0,0
CF/JO/204,T/JO/395,0,1,7/18/1961 0:00:00,Duddingston,0,0,0
CF/JO/205,T/JO/400,0,1,7/18/1961 0:00:00,Duddingston,0,1,0
CF/JO/206,T/JO/401,0,1,7/13/1961 0:00:00,Duddingston,0,0,0
CF/JO/207,T/LA/320,0,1,7/28/1961 0:00:00,Duddingston,1,0,0
CF/JO/208,T/LA/312,0,1,8/20/1961 0:00:00,Duddingston,0,1,0
CF/JO/209,T/JO/402,0,1,8/20/1961 0:00:00,Duddingston,0,1,0
CF/JO/21,T/JO/95,0,1,9/8/1949 0:00:00,Painston,0,1,0
CF/JO/210,T/LA/318,0,1,8/20/1961 0:00:00,Duddingston,0,1,0
CF/JO/211,T/JO/403,0,1,6/1/1961 0:00:00,Duddingston,0,0,0
CF/JO/225,T/LA/261,0,1,8/15/1959 0:00:00,Kirkliston,0,1,0
CF/JO/26,T/JO/97,0,1,7/11/1949 0:00:00,,0,0,0
CF/JO/27,T/JO/96,0,1,7/11/1949 0:00:00,,0,0,0
CF/JO/276,T/JO/529,0,1,4/1/1944 0:00:00,Falkirk,0,0,0
CF/JO/277,T/JO/530,0,1,3/1/1948 0:00:00,,0,0,0
CF/JO/278,T/JO/532,0,1,3/1/1950 0:00:00,Kirkliston,0,0,0
CF/JO/279,T/JO/535,0,1,3/1/1950 0:00:00,,0,0,0
CF/JO/28,T/JO/98,0,1,7/11/1949 0:00:00,,0,0,0
CF/JO/280,T/JO/536,0,1,3/1/1950 0:00:00,,0,0,0
CF/JO/281,T/JO/537,0,1,3/1/1950 0:00:00,,0,0,0
CF/JO/282,T/JO/515,0,1,12/6/1943 0:00:00,,0,0,0
CF/JO/283,T/JO/523,0,1,3/1/1944 0:00:00,Queensferry,0,0,0
CF/JO/284,T/JO/575,0,1,10/20/1949 0:00:00,Peebles,0,1,0
CF/JO/285,T/JO/577,0,1,10/20/1949 0:00:00,Peebles,0,1,0
CF/JO/286,T/JO/580,0,1,10/20/1949 0:00:00,Peebles,0,1,0
CF/JO/287,T/JO/579,0,1,10/20/1949 0:00:00,Peebles,0,1,0
CF/JO/288,T/JO/582,0,1,10/23/1949 0:00:00,Peebles,0,1,0
CF/JO/289,T/JO/584,0,1,10/23/1949 0:00:00,Peebles,0,1,0
CF/JO/29,T/JO/99,0,1,7/11/1949 0:00:00,,0,0,0
CF/JO/290,T/JO/592,0,1,6/1/2004 0:00:00,Pittenweem,0,1,1
CF/JO/291,T/JO/595,0,1,5/19/1988 0:00:00,Dunbar,0,1,0
CF/JO/292,T/JO/796,0,1,3/1/1947 0:00:00,Livingston,0,1,0
CF/JO/293,T/JO/797,0,1,4/1/1947 0:00:00,Livingston,0,1,0
CF/JO/294,T/JO/798,0,1,7/1/1961 0:00:00,Gullane,0,0,0
CF/JO/296,T/JO/802,0,1,11/1/1961 0:00:00,,0,0,0
CF/JO/297,T/JO/801,0,1,11/1/1961 0:00:00,,0,0,0
CF/JO/298,T/JO/803,0,1,11/1/1961 0:00:00,Newburgh,0,0,0
CF/JO/299,T/JO/804,0,1,11/1/1961 0:00:00,Newburgh,0,0,0
CF/JO/30,T/JO/100,0,1,7/11/1949 0:00:00,,0,0,0
CF/JO/300,T/JO/805,0,1,11/1/1961 0:00:00,Queensferry,0,0,0
CF/JO/301,T/JO/806,0,1,9/1/1961 0:00:00,Spott,0,0,0
CF/JO/302,T/JO/807,0,1,9/1/1961 0:00:00,Spott,0,0,0
CF/JO/303,T/JO/808,0,1,9/1/1961 0:00:00,Spott,0,0,0
CF/JO/304,T/JO/809,0,1,9/1/1961 0:00:00,Spott,0,0,0
CF/JO/305,T/JO/810,0,1,9/1/1961 0:00:00,Spott,0,0,0
CF/JO/306,T/JO/811,0,1,9/1/1961 0:00:00,Spott,0,0,0
CF/JO/307,T/JO/821,0,1,9/1/1961 0:00:00,Queensferry,0,0,0
CF/JO/308,T/JO/820,0,1,9/1/1961 0:00:00,Queensferry,0,0,0
CF/JO/309,T/JO/823,0,1,12/1/1961 0:00:00,Forfar,0,0,0
CF/JO/31,T/JO/102,0,1,7/11/1949 0:00:00,Haddington,0,0,0
CF/JO/310,T/JO/824,0,1,12/1/1961 0:00:00,Forfar,0,0,0
CF/JO/311,T/JO/825,0,1,12/1/1961 0:00:00,Forfar,0,0,0
CF/JO/312,T/JO/826,0,1,12/1/1961 0:00:00,Forfar,0,0,0
CF/JO/313,T/JO/827,0,1,11/1/1961 0:00:00,,0,0,0
CF/JO/314,T/JO/828,0,1,11/1/1961 0:00:00,,0,0,0
CF/JO/315,T/JO/829,0,1,11/1/1961 0:00:00,Forfar,0,0,0
CF/JO/316,T/JO/832,0,1,1/1/1962 0:00:00,Rhynd,0,0,0
CF/JO/317,T/JO/833,0,1,1/1/1962 0:00:00,Rhynd,0,0,0
CF/JO/318,T/JO/834,0,1,1/1/1962 0:00:00,Rhynd,0,0,0
CF/JO/319,T/JO/831,0,1,1/1/1962 0:00:00,Rhynd,0,0,0
CF/JO/32,T/JO/104,0,1,7/11/1949 0:00:00,Haddington,0,0,0
CF/JO/320,T/JO/835,0,1,1/1/1962 0:00:00,Queensferry,0,0,0
CF/JO/321,T/JO/836,0,1,1/1/1962 0:00:00,Abernethy,0,0,0
CF/JO/322,T/JO/837,0,1,1/1/1962 0:00:00,Abernethy,0,0,0
CF/JO/323,T/JO/838,0,1,1/1/1962 0:00:00,Abernethy,0,0,0
CF/JO/324,T/JO/839,0,1,1/1/1962 0:00:00,Selkirk,0,0,0
CF/JO/325,T/JO/840,0,1,1/1/1962 0:00:00,Flisk,0,0,0
CF/JO/326,T/JO/841,0,1,1/1/1962 0:00:00,Flisk,0,0,0
CF/JO/327,T/JO/842,0,1,1/1/1962 0:00:00,,0,0,0
CF/JO/328,T/JO/843,0,1,1/1/1962 0:00:00,,0,0,0
CF/JO/329,T/JO/844,0,1,1/1/1962 0:00:00,,0,0,0
CF/JO/33,T/JO/105,0,1,,Haddington,0,0,0
CF/JO/330,T/JO/845,0,1,1/1/1962 0:00:00,,0,0,0
CF/JO/331,T/JO/846,0,1,1/1/1962 0:00:00,Newburgh,0,0,0
CF/JO/332,T/JO/847,0,1,1/1/1962 0:00:00,Newburgh,0,0,0
CF/JO/333,T/JO/848,0,1,1/1/1962 0:00:00,Newburgh,0,0,0
CF/JO/334,T/JO/849,0,1,1/1/1962 0:00:00,Newburgh,0,0,0
CF/JO/335,T/JO/850,0,1,1/1/1962 0:00:00,Newburgh,0,0,0
CF/JO/336,T/JO/851,0,1,1/1/1962 0:00:00,Kinross,0,0,0
CF/JO/337,T/JO/852,0,1,1/1/1962 0:00:00,Kinross,0,0,0
CF/JO/338,T/JO/853,0,1,1/1/1962 0:00:00,Kinross,0,0,0
CF/JO/339,T/JO/854,0,1,1/1/1962 0:00:00,Orwell,0,0,0
CF/JO/34,T/JO/98,0,1,7/25/1949 0:00:00,Haddington,0,1,1
CF/JO/340,T/JO/855,0,1,1/1/1962 0:00:00,Kilmany,0,0,0
CF/JO/341,T/JO/856,0,1,1/1/1962 0:00:00,Kilmany,0,0,0
CF/JO/342,T/JO/857,0,1,1/1/1962 0:00:00,Falkland,0,0,0
CF/JO/343,T/JO/858,0,1,1/1/1962 0:00:00,Innerwick,0,0,0
CF/JO/344,T/JO/859,0,1,1/1/1962 0:00:00,Penicuik,0,0,0
CF/JO/345,T/JO/860,0,1,1/1/1962 0:00:00,Innerleithen,0,0,0
CF/JO/346,T/JO/861,0,1,2/1/1962 0:00:00,Collesie,0,0,0
CF/JO/347,T/JO/862,0,1,2/1/1962 0:00:00,Collesie,0,0,0
CF/JO/348,T/JO/863,0,1,2/1/1962 0:00:00,Collesie,0,0,0
CF/JO/349,T/JO/864,0,1,2/1/1962 0:00:00,Collesie,0,0,0
CF/JO/35,T/JO/99,0,1,7/25/1949 0:00:00,Haddington,0,1,0
CF/JO/350,T/JO/865,0,1,2/1/1962 0:00:00,Collesie,0,0,0
CF/JO/351,T/JO/866,0,1,2/1/1962 0:00:00,Oathlaw,0,0,0
CF/JO/352,T/JO/869,0,1,7/22/1991 0:00:00,Penpoint,0,1,0
CF/JO/353,T/JO/869,0,1,11/25/1991 0:00:00,Penpoint,0,1,0
CF/JO/354,T/JO/872,0,1,7/1/1959 0:00:00,Dumfries,0,0,0
CF/JO/355,T/JO/874,0,1,2/1/1962 0:00:00,Montrose,0,0,0
CF/JO/356,T/LA/287,0,1,2/1/1962 0:00:00,Montrose,0,0,0
CF/JO/357,T/JO/884,0,1,3/1/1962 0:00:00,,0,0,0
CF/JO/358,T/JO/885,0,1,3/1/1962 0:00:00,,0,0,0
CF/JO/359,T/JO/886,0,1,3/1/1962 0:00:00,,0,0,0
CF/JO/36,T/JO/107,0,1,7/25/1949 0:00:00,Haddington,0,0,0
CF/JO/360,T/JO/887,0,1,2/1/1962 0:00:00,,0,0,0
CF/JO/361,T/JO/888,0,1,2/1/1962 0:00:00,,0,0,0
CF/JO/362,T/JO/889,0,1,2/1/1962 0:00:00,,0,0,0
CF/JO/363,T/JO/890,0,1,3/1/1962 0:00:00,,0,0,0
CF/JO/364,T/JO/891,0,1,3/1/1962 0:00:00,,0,0,0
CF/JO/365,T/JO/892,0,1,2/1/1962 0:00:00,,0,0,0
CF/JO/366,T/JO/893,0,1,3/1/1962 0:00:00,,0,0,0
CF/JO/367,T/JO/894,0,1,3/1/1962 0:00:00,,0,0,0
CF/JO/368,T/JO/895,0,1,3/1/1962 0:00:00,,0,0,0
CF/JO/369,T/JO/903,0,1,4/1/1962 0:00:00,Flisk,0,0,0
CF/JO/37,T/JO/108,0,1,7/25/1949 0:00:00,Haddington,0,0,0
CF/JO/370,T/JO/904,0,1,4/1/1962 0:00:00,,0,0,0
CF/JO/371,T/JO/902,0,1,4/1/1962 0:00:00,,0,0,0
CF/JO/372,T/JO/908,0,1,6/1/1961 0:00:00,,0,0,0
CF/JO/373,T/JO/909,0,1,6/1/1961 0:00:00,,0,0,0
CF/JO/374,T/JO/910,0,1,5/1/1962 0:00:00,,0,0,0
CF/JO/375,T/JO/911,0,1,5/1/1962 0:00:00,,0,0,0
CF/JO/376,T/JO/912,0,1,5/1/1962 0:00:00,,0,0,0
CF/JO/377,T/JO/913,0,1,7/1/1962 0:00:00,,0,0,0
CF/JO/378,T/JO/914,0,1,7/1/1962 0:00:00,,0,0,0
CF/JO/379,T/JO/915,0,1,3/1/1962 0:00:00,,0,0,0
CF/JO/38,T/JO/109,0,1,7/25/1949 0:00:00,Haddington,0,0,0
CF/JO/380,T/JO/916,0,1,3/1/1962 0:00:00,,0,0,0
CF/JO/381,T/JO/917,0,1,5/1/1962 0:00:00,Elgin,0,0,0
CF/JO/382,T/JO/918,0,1,5/1/1962 0:00:00,Elgin,0,0,0
CF/JO/383,T/JO/919,0,1,5/1/1962 0:00:00,,0,0,0
CF/JO/384,T/JO/920,0,1,5/1/1962 0:00:00,,0,0,0
CF/JO/385,T/JO/921,0,1,5/1/1962 0:00:00,,0,0,0
CF/JO/386,T/JO/922,0,1,5/1/1962 0:00:00,,0,0,0
CF/JO/387,T/JO/923,0,1,5/1/1962 0:00:00,,0,0,0
CF/JO/388,T/JO/924,0,1,5/1/1962 0:00:00,,0,0,0
CF/JO/389,T/JO/925,0,1,5/1/1962 0:00:00,,0,0,0
CF/JO/39,T/JO/111,0,1,7/25/1949 0:00:00,Haddington,0,0,0
CF/JO/390,T/JO/926,0,1,5/1/1962 0:00:00,,0,0,0
CF/JO/392,T/JO/928,0,1,5/1/1962 0:00:00,,0,0,0
CF/JO/393,T/JO/929,0,1,5/1/1962 0:00:00,,0,0,0
CF/JO/395,T/JO/931,0,1,5/1/1962 0:00:00,,0,0,0
CF/JO/396,T/JO/932,0,1,5/1/1962 0:00:00,,0,0,0
CF/JO/397,T/JO/948,0,1,5/1/1962 0:00:00,,0,0,0
CF/JO/398,T/JO/949,0,1,5/1/1962 0:00:00,,0,0,0
CF/JO/399,T/JO/950,0,1,7/1/1962 0:00:00,,0,0,0
CF/JO/40,T/JO/112,0,1,7/25/1949 0:00:00,Haddington,0,0,0
CF/JO/400,T/JO/952,0,1,7/1/1962 0:00:00,Lauder,0,0,0
CF/JO/401,T/JO/951,0,1,7/1/1962 0:00:00,Lauder,0,0,0
CF/JO/402,T/JO/953,0,1,9/1/1962 0:00:00,Lauder,0,0,0
CF/JO/403,T/JO/954,0,1,9/1/1962 0:00:00,Lauder,0,0,0
CF/JO/404,T/JO/955,0,1,5/1/1962 0:00:00,,0,0,0
CF/JO/405,T/JO/956,0,1,5/1/1962 0:00:00,,0,0,0
CF/JO/406,T/JO/959,0,1,6/1/1962 0:00:00,,0,0,0
CF/JO/407,T/JO/960,0,1,6/1/1962 0:00:00,,0,0,0
CF/JO/408,T/JO/961,0,1,6/1/1962 0:00:00,,0,0,0
CF/JO/409,T/JO/962,0,1,6/1/1962 0:00:00,,0,0,0
CF/JO/41,T/JO/113,0,1,7/25/1949 0:00:00,Haddington,0,0,0
CF/JO/410,T/JO/963,0,1,6/1/1962 0:00:00,Nairn,0,0,0
CF/JO/411,T/JO/964,0,1,6/1/1962 0:00:00,Nairn,0,0,0
CF/JO/412,T/JO/965,0,1,6/1/1962 0:00:00,,0,0,0
CF/JO/413,T/JO/971,0,1,6/1/1962 0:00:00,,0,0,0
CF/JO/414,T/JO/973,0,1,6/1/1962 0:00:00,,0,0,0
CF/JO/415,T/JO/972,0,1,6/1/1962 0:00:00,,0,0,0
CF/JO/416,T/JO/974,0,1,6/1/1962 0:00:00,,0,0,0
CF/JO/417,T/JO/975,0,1,6/1/1962 0:00:00,,0,0,0
CF/JO/418,T/JO/976,0,1,6/1/1962 0:00:00,,0,0,0
CF/JO/419,T/JO/977,0,1,6/1/1962 0:00:00,,0,0,0
CF/JO/42,T/JO/114,0,1,7/25/1949 0:00:00,Haddington,0,0,0
CF/JO/420,T/JO/978,0,1,6/1/1962 0:00:00,,0,0,0
CF/JO/421,T/JO/979,0,1,6/1/1962 0:00:00,,0,0,0
CF/JO/422,T/JO/980,0,1,6/1/1962 0:00:00,,0,0,0
CF/JO/423,T/JO/981,0,1,6/1/1962 0:00:00,,0,0,0
CF/JO/424,T/JO/983,0,1,6/1/1962 0:00:00,Inverness,0,0,0
CF/JO/425,T/JO/1003,0,1,7/1/1962 0:00:00,,0,0,0
CF/JO/426,T/JO/1004,0,1,7/1/1962 0:00:00,,0,0,0
CF/JO/427,T/JO/1005,0,1,7/1/1962 0:00:00,,0,0,0
CF/JO/428,T/JO/1006,0,1,7/1/1962 0:00:00,,0,0,0
CF/JO/429,T/JO/1013,0,1,7/1/1962 0:00:00,,0,0,0
CF/JO/43,T/JO/115,0,1,7/25/1949 0:00:00,Haddington,0,0,0
CF/JO/430,T/JO/1014,0,1,7/1/1962 0:00:00,,0,0,0
CF/JO/431,T/JO/1015,0,1,8/1/1962 0:00:00,,0,0,0
CF/JO/432,T/JO/1016,0,1,8/1/1962 0:00:00,,0,0,0
CF/JO/433,T/JO/1022,0,1,5/28/1961 0:00:00,Bolton,0,1,0
CF/JO/434,T/JO/1023,0,1,5/29/1961 0:00:00,Bolton,0,1,0
CF/JO/435,T/JO/1024,0,1,5/30/1961 0:00:00,Bolton,0,1,0
CF/JO/436,T/JO/1025,0,1,5/29/1961 0:00:00,Bolton,0,1,0
CF/JO/437,T/JO/1026,0,1,5/31/1961 0:00:00,Bolton,0,1,0
CF/JO/438,T/JO/1027,0,1,6/2/1961 0:00:00,Bolton,0,1,0
CF/JO/439,T/JO/1028,0,1,6/2/1961 0:00:00,Bolton,0,1,0
CF/JO/44,T/JO/116,0,1,7/25/1949 0:00:00,Haddington,0,0,0
CF/JO/440,T/JO/1077,0,1,1/30/2006 0:00:00,Wigtown,0,1,0
CF/JO/441,T/JO/1077,0,1,2/19/2006 0:00:00,Wigtown,0,1,0
CF/JO/442,T/JO/1077,0,1,2/20/2006 0:00:00,Wigtown,0,1,0
CF/JO/443,T/JO/1077,0,1,3/19/2006 0:00:00,Wigtown,0,1,0
CF/JO/447,T/JO/1109,0,1,5/1/1940 0:00:00,Coulter,0,0,0
CF/JO/448,T/LA/1089,0,1,8/1/1944 0:00:00,,0,0,0
CF/JO/449,T/LA/1090,0,1,8/1/1944 0:00:00,,0,0,0
CF/JO/45,T/JO/117,0,1,7/25/1949 0:00:00,Haddington,0,0,0
CF/JO/450,T/JO/1118,0,1,1/10/1950 0:00:00,Lanark,0,0,0
CF/JO/452,T/JO/1133,0,1,2/1/1997 0:00:00,,0,0,0
CF/JO/453,T/JO/1132,0,1,2/1/1997 0:00:00,,0,1,0
CF/JO/454,T/JO/1134,0,1,2/1/1997 0:00:00,,0,1,0
CF/JO/455,T/JO/1138,0,1,11/1/1949 0:00:00,,0,0,0
CF/JO/456,T/JO/1141,0,1,7/1/1950 0:00:00,,0,0,0
CF/JO/457,T/JO/1142,0,1,7/1/1950 0:00:00,,0,0,0
CF/JO/458,T/JO/1178,0,1,8/1/1961 0:00:00,Aberdour,0,0,0
CF/JO/459,T/JO/1179,0,1,8/1/1961 0:00:00,Aberdour,0,0,0
CF/JO/46,T/JO/118,0,1,7/25/1949 0:00:00,Haddington,0,0,0
CF/JO/460,T/JO/1177,0,1,8/1/1961 0:00:00,Aberdour,0,0,0
CF/JO/464,T/JO/1206,0,1,12/29/1949 0:00:00,Brechin,0,1,0
CF/JO/465,T/JO/1207,0,1,,Brechin,0,1,0
CF/JO/466,T/JO/1208,0,1,4/1/1950 0:00:00,Brechin,0,1,0
CF/JO/467,T/JO/1209,0,1,4/1/1950 0:00:00,Montrose,0,1,0
CF/JO/468,T/JO/1210,0,1,3/19/1950 0:00:00,Menmuir,0,1,0
CF/JO/469,T/LA/497,0,1,7/1/2028 0:00:00,Perth,0,1,0
CF/JO/47,T/JO/120,0,1,8/8/1949 0:00:00,Haddington,0,0,0
CF/JO/470,T/JO/1257,0,1,3/1/1950 0:00:00,Insch,0,1,0
CF/JO/471,T/LA/1234,0,1,11/12/1995 0:00:00,Greenock,0,1,0
CF/JO/472,T/JO/1264,0,1,11/1/1946 0:00:00,Spynie,0,0,0
CF/JO/473,T/JO/1298,0,1,10/21/1997 0:00:00,,0,1,0
CF/JO/474,T/JO/1303,0,1,6/1/1997 0:00:00,,0,1,0
CF/JO/48,T/JO/121,0,1,8/8/1949 0:00:00,Haddington,0,0,0
CF/JO/49,T/JO/122,0,1,8/8/1949 0:00:00,Haddington,0,0,0
CF/JO/492,T/JO/1318,0,1,3/1/1997 0:00:00,Aderdeen,0,0,0
CF/JO/493,T/JO/1325,0,1,4/1/1997 0:00:00,Aberdeen,0,0,0
CF/JO/494,T/JO/1411,0,1,,,0,0,1
CF/JO/498,T/JO/1435,0,1,4/21/1990 0:00:00,Stirling,0,1,0
CF/JO/499,T/JO/1435,0,1,5/12/1990 0:00:00,Stirling,0,1,0
CF/JO/50,T/JO/123,0,1,8/8/1949 0:00:00,Haddington,0,0,0
CF/JO/500,T/JO/1436,0,1,9/18/1990 0:00:00,Stirling,0,1,0
CF/JO/501,T/JO/1446,0,1,7/13/1949 0:00:00,Dysart,0,0,0
CF/JO/502,T/JO/1448,0,1,7/23/1949 0:00:00,Dysart,0,1,0
CF/JO/503,T/JO/1450,0,1,7/1/1949 0:00:00,Dysart,0,1,0
CF/JO/504,T/JO/1452,0,1,7/1/1949 0:00:00,Dysart,0,1,0
CF/JO/505,T/JO/1454,0,1,6/1/1949 0:00:00,Dysart,0,0,1
CF/JO/506,T/JO/1463,0,1,9/1/1997 0:00:00,Stirling,0,0,0
CF/JO/507,T/JO/1464,0,1,9/1/1997 0:00:00,Stirling,0,0,0
CF/JO/508,T/JO/1467,0,1,8/1/2015 0:00:00,Stirling,0,0,0
CF/JO/509,T/LA/488,0,1,4/1/2028 0:00:00,Stirling,0,1,0
CF/JO/51,T/JO/124,0,1,8/8/1949 0:00:00,Haddington,0,0,0
CF/JO/510,T/JO/1468,0,1,1/1/1933 0:00:00,Stirling,0,1,0
CF/JO/511,T/JO/1468,0,1,2/1/1933 0:00:00,Stirling,0,1,0
CF/JO/512,T/JO/1469,0,1,2/1/1933 0:00:00,Stirling,0,1,0
CF/JO/513,T/JO/1470,0,1,3/1/1933 0:00:00,Stirling,0,1,0
CF/JO/514,T/JO/1471,0,1,5/11/1958 0:00:00,Alloa,0,1,0
CF/JO/515,T/LA/1296,0,1,6/23/1958 0:00:00,Alloa,0,1,0
CF/JO/516,T/LA/1296,0,1,6/1/1958 0:00:00,Alloa,0,1,0
CF/JO/517,T/LA/1294,0,1,6/23/1958 0:00:00,Alloa,0,1,0
CF/JO/518,T/JO/1487,0,1,6/23/1958 0:00:00,Alloa,0,1,0
CF/JO/519,T/JO/1488,0,1,4/1/1997 0:00:00,Aberdeen,0,1,0
CF/JO/52,T/JO/125,0,1,8/8/1949 0:00:00,Haddington,0,0,0
CF/JO/520,T/JO/1496,0,1,1/1/1997 0:00:00,Dyce,0,1,0
CF/JO/521,T/JO/615,0,1,1/7/1977 0:00:00,Pollok,0,1,0
CF/JO/522,T/JO/616,0,1,7/10/1977 0:00:00,Pollok,0,1,0
CF/JO/523,T/JO/1515,0,1,6/1/1949 0:00:00,Corstorphine,0,1,0
CF/JO/524,T/JO/1521,0,1,7/22/1949 0:00:00,Corstorphine,0,1,0
CF/JO/525,T/JO/1532,0,1,8/19/1949 0:00:00,Corstorphine,0,1,0
CF/JO/526,T/JO/1533,0,1,8/19/1949 0:00:00,Corstorphine,0,1,0
CF/JO/527,T/JO/1509,0,1,4/1/1997 0:00:00,Lumphanan,0,1,0
CF/JO/53,T/JO/126,0,1,8/15/1949 0:00:00,Humbie,0,0,0
CF/JO/54,T/JO/127,0,1,8/15/1949 0:00:00,Humbie,0,0,0
CF/JO/542,T/JO/1635,0,1,7/23/1949 0:00:00,Kingarth,0,1,0
CF/JO/543,T/JO/1636,0,1,7/23/1949 0:00:00,Kingarth,0,1,0
CF/JO/544,T/JO/1637,0,1,6/24/1949 0:00:00,Kingarth,0,1,0
CF/JO/545,T/JO/1638,0,1,6/24/1949 0:00:00,Kingarth,0,1,0
CF/JO/546,T/JO/1644,0,1,6/1/1949 0:00:00,,0,1,0
CF/JO/547,T/LA/1028,0,1,9/1/1949 0:00:00,Burntisland,0,0,0
CF/JO/548,T/JO/1668,0,1,6/1/1961 0:00:00,,0,0,0
CF/JO/549,T/JO/1673,0,1,,,0,0,0
CF/JO/55,T/JO/128,0,1,8/15/1949 0:00:00,Humbie,0,0,0
CF/JO/550,T/JO/1172,0,1,12/1/1948 0:00:00,Balmerino,0,0,0
CF/JO/551,T/JO/1682,0,1,5/1/1949 0:00:00,Cupar,0,0,0
CF/JO/552,T/JO/1696,0,1,6/1/2004 0:00:00,Pittenweem,0,1,0
CF/JO/553,T/JO/1697,0,1,6/1/2004 0:00:00,Pittenweem,0,1,0
CF/JO/554,T/JO/1699,0,1,6/1/2004 0:00:00,Pittenweem,0,1,0
CF/JO/555,T/JO/1696,0,1,6/1/2004 0:00:00,Pittenweem,0,0,0
CF/JO/556,T/JO/1696,0,1,6/28/2004 0:00:00,Pittenweem,0,1,0
CF/JO/557,T/JO/592,0,1,6/28/2004 0:00:00,Pittenweem,0,1,0
CF/JO/56,T/JO/129,0,1,8/15/1949 0:00:00,Humbie,0,0,0
CF/JO/57,T/JO/130,0,1,8/15/1949 0:00:00,Humbie,0,0,0
CF/JO/58,T/JO/131,0,1,8/8/1949 0:00:00,Haddington,0,0,0
CF/JO/59,T/JO/132,0,1,8/15/1949 0:00:00,Humbie,0,0,0
CF/JO/60,T/JO/133,0,1,7/25/1949 0:00:00,Haddington,0,0,0
CF/JO/606,T/JO/1800,0,1,5/1/1961 0:00:00,Prestonpans,0,0,0
CF/JO/607,T/JO/1801,0,1,5/1/1961 0:00:00,Prestonpans,0,0,0
CF/JO/608,T/JO/1824,0,1,5/1/1961 0:00:00,Prestonpans,0,0,0
CF/JO/609,T/JO/1825,0,1,5/1/1961 0:00:00,Prestonpans,0,0,0
CF/JO/61,T/JO/134,0,1,7/25/1949 0:00:00,Haddington,0,0,0
CF/JO/616,T/JO/1879,0,1,1/26/1962 0:00:00,Bute,0,0,0
CF/JO/617,T/JO/1879,0,1,1/27/1962 0:00:00,Bute,0,1,0
CF/JO/618,T/JO/1879,0,1,1/28/1962 0:00:00,Bute,0,1,0
CF/JO/619,T/JO/1879,0,1,1/29/1962 0:00:00,Bute,0,1,0
CF/JO/62,T/JO/135,0,1,9/26/1949 0:00:00,,0,0,0
CF/JO/620,T/JO/1879,0,1,2/2/1962 0:00:00,Bute,0,1,0
CF/JO/621,T/JO/1880,0,1,2/21/1962 0:00:00,Bute,0,1,0
CF/JO/622,T/JO/1881,0,1,2/22/1962 0:00:00,Bute,0,1,0
CF/JO/623,T/JO/1881,0,1,2/23/1962 0:00:00,Bute,0,1,0
CF/JO/624,T/JO/1882,0,1,2/14/1962 0:00:00,Bute,0,1,0
CF/JO/625,T/JO/1882,0,1,2/28/1962 0:00:00,Bute,0,1,0
CF/JO/626,T/JO/1882,0,1,5/1/1962 0:00:00,,0,0,0
CF/JO/627,T/JO/1883,0,1,10/1/1977 0:00:00,,0,1,0
CF/JO/628,T/JO/1884,0,1,1/15/1962 0:00:00,Bute,0,1,0
CF/JO/629,T/JO/1884,0,1,1/18/1962 0:00:00,Rothesay,0,1,0
CF/JO/63,T/JO/139,0,1,11/28/1949 0:00:00,Haddington,0,0,0
CF/JO/630,T/JO/1884,0,1,1/21/1962 0:00:00,Bute,0,1,0
CF/JO/631,T/JO/1884,0,1,1/22/1962 0:00:00,Bute,0,1,0
CF/JO/632,T/JO/1884,0,1,1/23/1962 0:00:00,Bute,0,1,0
CF/JO/633,T/JO/1884,0,1,1/29/1962 0:00:00,Bute,0,1,0
CF/JO/634,T/JO/1885,0,1,6/1/1962 0:00:00,Bute,0,1,0
CF/JO/635,T/JO/1914,0,1,3/26/1962 0:00:00,Bute,0,1,0
CF/JO/64,T/JO/140,0,1,11/28/1949 0:00:00,Haddington,0,0,0
CF/JO/65,T/JO/141,0,1,11/28/1949 0:00:00,Haddington,0,0,0
CF/JO/66,T/JO/142,0,1,11/28/1949 0:00:00,Haddington,0,0,0
CF/JO/67,T/JO/143,0,1,11/28/1949 0:00:00,Haddington,0,0,0
CF/JO/68,T/JO/144,0,1,11/28/1949 0:00:00,Hadddington,0,0,0
CF/JO/69,T/JO/145,0,1,11/28/1949 0:00:00,Haddington,0,0,0
CF/JO/70,T/JO/150,0,1,1/20/1950 0:00:00,Haddington,0,0,0
CF/JO/706,T/JO/1713,0,1,6/1/1961 0:00:00,Haddington,0,0,0
CF/JO/707,T/JO/1789,0,1,6/1/1961 0:00:00,Haddington,0,0,0
CF/JO/708,T/JO/1712,0,1,6/1/1961 0:00:00,Haddington,0,0,0
CF/JO/709,T/JO/1790,0,1,6/1/1961 0:00:00,Haddington,0,0,0
CF/JO/71,T/JO/151,0,1,4/24/1950 0:00:00,Haddington,0,0,0
CF/JO/710,T/JO/77,0,1,11/1/2028 0:00:00,,0,1,0
CF/JO/711,T/LA/683,0,1,3/1/1930 0:00:00,Ayr,0,0,0
CF/JO/712,T/JO/93,0,1,6/1/1949 0:00:00,Dirleton,0,0,0
CF/JO/713,T/JO/1706,0,1,,,0,0,0
CF/JO/714,T/JO/2193,1,1,11/3/1942 0:00:00,,0,1,0
CF/JO/715,T/LA/1971,0,1,,,0,0,0
CF/JO/716,T/LA/1978,0,1,,,0,0,0
CF/JO/717,T/JO/1002,0,1,,,0,0,0
CF/JO/718,T/LA/25,0,1,,Edinburgh,0,0,0
CF/JO/719,T/JO/1694,0,1,,,0,0,0
CF/JO/72,T/JO/152,0,1,5/1/1950 0:00:00,Haddington,0,0,0
CF/JO/720,T/JO/1267,0,1,,,0,0,0
CF/JO/73,T/JO/153,0,1,5/1/1950 0:00:00,Haddington,0,0,0
CF/JO/74,T/JO/154,0,1,5/29/1950 0:00:00,Haddington,0,0,0
CF/JO/75,T/JO/155,0,1,5/29/1950 0:00:00,Haddington,0,0,0
CF/JO/76,T/JO/156,0,1,5/29/1950 0:00:00,Haddington,0,0,0
CF/JO/77,T/JO/157,0,1,5/29/1950 0:00:00,Haddington,0,0,0
CF/JO/78,T/JO/158,0,1,5/29/1950 0:00:00,Haddington,0,0,0
CF/JO/79,T/JO/159,0,1,5/29/1950 0:00:00,Haddington,0,0,0
CF/JO/80,T/JO/160,0,1,5/29/1950 0:00:00,Haddington,0,0,0
CF/JO/81,T/JO/161,0,1,5/29/1950 0:00:00,Haddington,0,0,0
CF/JO/82,T/JO/162,0,1,5/29/1950 0:00:00,Haddington,0,0,0
CF/JO/83,T/JO/163,0,1,5/29/1950 0:00:00,Haddington,0,0,0
CF/JO/84,T/JO/164,0,1,5/29/1950 0:00:00,Haddington,0,0,0
CF/JO/85,T/JO/165,0,1,5/29/1950 0:00:00,Haddington,0,0,0
CF/JO/86,T/JO/166,0,1,5/29/1950 0:00:00,Haddington,0,0,0
CF/JO/87,T/JO/167,0,1,5/29/1950 0:00:00,Haddington,0,0,0
CF/JO/88,T/JO/168,0,1,5/29/1950 0:00:00,Haddington,0,0,0
CF/JO/89,T/JO/169,0,1,5/29/1950 0:00:00,Haddington,0,0,0
CF/JO/90,T/JO/170,0,1,6/19/1950 0:00:00,Haddington,0,0,0
CF/JO/91,T/JO/171,0,1,6/19/1950 0:00:00,Haddington,0,0,0
CF/JO/92,T/JO/172,0,1,6/19/1950 0:00:00,Haddington,0,0,0
CF/JO/93,T/JO/173,0,1,6/19/1950 0:00:00,Haddington,0,0,0
CF/JO/94,T/JO/174,0,1,6/19/1950 0:00:00,Haddington,0,0,0
CF/JO/95,T/JO/175,0,1,6/19/1960 0:00:00,Haddington,0,0,0
CF/JO/96,T/JO/176,0,1,6/19/1960 0:00:00,Haddington,0,0,0
CF/JO/97,T/JO/177,0,1,6/19/1950 0:00:00,Haddington,0,0,0
CF/JO/98,T/JO/178,0,1,6/19/1960 0:00:00,Haddington,0,0,0
CF/JO/99,T/JO/179,0,1,6/19/1960 0:00:00,Haddington,0,0,0
CF/LA/1,T/LA/7,0,1,,,0,1,0
CF/LA/10,T/LA/57,0,1,,Glasgow,0,0,0
CF/LA/11,T/LA/57,1,1,,Edinburgh,0,0,0
CF/LA/12,T/LA/74,0,1,8/26/2021 0:00:00,Glasgow/trial,0,0,0
CF/LA/121,T/LA/206,0,1,2/21/2001 0:00:00,,0,0,0
CF/LA/122,T/LA/231,0,1,,,0,0,0
CF/LA/123,T/LA/232,0,1,,,0,0,0
CF/LA/124,T/LA/250,0,1,,,0,0,0
CF/LA/125,T/LA/253,0,1,,,0,0,0
CF/LA/126,T/LA/254,0,1,,,0,0,0
CF/LA/127,T/LA/255,0,1,,,0,0,0
CF/LA/128,T/LA/256,0,1,,,0,0,0
CF/LA/129,T/LA/257,0,1,,,0,0,0
CF/LA/130,T/LA/258,0,1,,,0,0,0
CF/LA/131,T/LA/262,0,1,7/11/1961 0:00:00,Musselburgh,1,1,0
CF/LA/132,T/LA/263,0,1,7/29/1961 0:00:00,Musselburgh,1,1,0
CF/LA/133,T/LA/264,0,1,7/29/1961 0:00:00,Musselburgh,0,0,0
CF/LA/134,T/LA/265,0,1,7/29/1961 0:00:00,Musselburgh,0,0,0
CF/LA/135,T/LA/266,0,1,7/8/1961 0:00:00,Musselburgh,1,1,0
CF/LA/136,T/LA/293,0,1,,Dalkeith,0,0,0
CF/LA/137,T/LA/288,0,1,,Dalkeith,0,0,0
CF/LA/138,T/LA/292,0,1,,Dalkeith,0,0,0
CF/LA/139,T/LA/297,0,1,,Dalkeith,0,0,0
CF/LA/140,T/LA/298,0,1,,Dalkeith,0,0,0
CF/LA/141,T/LA/299,0,1,,Dalkeith,0,0,0
CF/LA/142,T/LA/309,1,1,,Edinburgh,0,0,0
CF/LA/143,T/LA/308,1,1,,Edinburgh,0,0,0
CF/LA/144,T/LA/307,1,1,,Edinburgh,0,0,0
CF/LA/145,T/LA/306,1,1,,Edinburgh,0,0,0
CF/LA/146,T/LA/304,1,1,,Edinburgh,0,0,0
CF/LA/147,T/LA/303,1,1,,Edinburgh,0,0,0
CF/LA/148,T/LA/312,1,1,8/23/1961 0:00:00,Edinburgh,0,0,0
CF/LA/149,T/LA/318,1,1,8/20/1961 0:00:00,Edinburgh,0,1,0
CF/LA/15,T/LA/79,0,1,,Bo'ness,0,0,0
CF/LA/150,T/LA/261,0,1,8/26/1959 0:00:00,Kirkliston,0,1,1
CF/LA/151,T/LA/326,0,1,5/20/1961 0:00:00,Edinburgh,0,0,0
CF/LA/155,T/LA/345,0,1,,,0,0,0
CF/LA/156,T/LA/355,0,1,,,0,1,0
CF/LA/157,T/LA/356,0,1,,,0,1,0
CF/LA/158,T/LA/357,0,1,,,0,1,0
CF/LA/159,T/LA/358,0,1,,,0,1,0
CF/LA/16,T/LA/78,0,1,,Bo'ness,0,0,0
CF/LA/160,T/LA/359,0,1,,,0,1,0
CF/LA/161,T/LA/362,0,1,,,0,0,0
CF/LA/162,T/LA/363,0,1,,,0,0,0
CF/LA/163,T/LA/69,0,1,,,0,0,0
CF/LA/164,T/LA/70,0,1,,,0,0,0
CF/LA/165,T/LA/65,0,1,,,0,0,0
CF/LA/166,T/LA/66,0,1,,,0,0,0
CF/LA/167,T/LA/67,0,1,,,0,0,0
CF/LA/168,T/LA/365,0,1,,,0,0,0
CF/LA/169,T/LA/366,0,1,,,0,0,0
CF/LA/17,T/LA/77,0,1,,Bo'ness,0,0,0
CF/LA/170,T/LA/64,0,1,,,0,0,0
CF/LA/171,T/LA/68,0,1,,,0,0,0
CF/LA/172,T/LA/262,0,1,7/29/1961 0:00:00,Musselburgh,1,1,0
CF/LA/173,T/LA/374,0,1,7/29/1961 0:00:00,Musselburgh,1,1,1
CF/LA/174,T/LA/376,0,1,7/29/1961 0:00:00,Musselburgh,1,1,1
CF/LA/175,T/LA/377,0,1,7/29/1961 0:00:00,Musselburgh,0,0,1
CF/LA/176,T/LA/378,0,1,7/29/1961 0:00:00,Musselburgh,1,1,1
CF/LA/177,T/LA/262,0,1,7/28/1961 0:00:00,Musselburgh,1,1,1
CF/LA/178,T/LA/379,0,1,7/9/1961 0:00:00,Musselburgh,1,1,0
CF/LA/179,T/LA/379,0,1,7/17/1961 0:00:00,Musselburgh,0,0,0
CF/LA/18,T/LA/83,0,1,10/16/2028 0:00:00,Dunblane,0,0,0
CF/LA/180,T/LA/264,0,1,7/10/1961 0:00:00,Edmestoun,1,1,0
CF/LA/181,T/LA/264,0,1,7/11/1961 0:00:00,Edmestoun,0,0,0
CF/LA/182,T/LA/264,0,1,7/12/1961 0:00:00,Edmestoun,0,0,0
CF/LA/183,T/LA/265,0,1,7/10/1961 0:00:00,Edmestoun,1,0,0
CF/LA/184,T/LA/265,0,1,7/11/1961 0:00:00,Edmestoun,0,0,0
CF/LA/185,T/LA/265,0,1,7/12/1961 0:00:00,Edmestoun,0,0,0
CF/LA/186,T/LA/384,0,1,8/7/1961 0:00:00,,0,0,0
CF/LA/187,T/LA/304,0,1,8/7/1961 0:00:00,Edinburgh,0,0,0
CF/LA/188,T/LA/306,0,1,8/7/1961 0:00:00,Edinburgh,0,0,0
CF/LA/189,T/LA/392,0,1,7/29/1961 0:00:00,Libberton,1,1,1
CF/LA/19,T/LA/83,0,1,10/17/2028 0:00:00,Dunblane,0,0,0
CF/LA/190,T/LA/309,0,1,8/7/1961 0:00:00,Edinburgh,0,0,0
CF/LA/191,T/LA/307,0,1,7/29/1961 0:00:00,Liberton,1,1,0
CF/LA/192,T/LA/304,0,1,7/29/1961 0:00:00,Liberton,1,1,0
CF/LA/193,T/LA/303,0,1,7/29/1961 0:00:00,Liberton,1,1,0
CF/LA/194,T/LA/393,0,1,7/29/1961 0:00:00,Liberton,1,1,0
CF/LA/195,T/LA/308,0,1,7/29/1961 0:00:00,Liberton,1,1,0
CF/LA/196,T/LA/323,0,1,7/29/1961 0:00:00,Liberton,1,1,1
CF/LA/197,T/LA/308,0,1,8/7/1961 0:00:00,Edinburgh,0,0,0
CF/LA/198,T/LA/303,0,1,8/7/1961 0:00:00,Edinburgh,0,0,0
CF/LA/199,T/LA/323,0,1,8/7/1961 0:00:00,Edinburgh,0,0,0
CF/LA/2,T/LA/8,0,1,,,0,0,0
CF/LA/20,T/LA/83,0,1,10/18/2028 0:00:00,Dunblane,0,0,0
CF/LA/200,T/LA/307,0,1,8/7/1961 0:00:00,Edinburgh,0,0,0
CF/LA/201,T/LA/322,0,1,7/29/1961 0:00:00,Liberton,1,1,1
CF/LA/202,T/LA/306,0,1,7/29/1961 0:00:00,Liberton,1,1,0
CF/LA/203,T/LA/394,0,1,7/29/1961 0:00:00,Liberton,1,1,0
CF/LA/204,T/LA/309,0,1,7/29/1961 0:00:00,Liberton,1,1,0
CF/LA/205,T/LA/400,0,1,7/16/1961 0:00:00,Gilmerton,1,0,0
CF/LA/206,T/LA/401,0,1,7/16/1961 0:00:00,Gilmerton,1,0,0
CF/LA/207,T/LA/399,0,1,7/16/1961 0:00:00,Gilmerton,1,0,0
CF/LA/208,T/LA/398,0,1,7/16/1961 0:00:00,Gilmerton,1,0,0
CF/LA/209,T/LA/395,0,1,8/6/1961 0:00:00,Goodtrees,1,1,0
CF/LA/21,T/LA/83,0,1,10/24/2028 0:00:00,Wester Tilliecoutrie,0,0,0
CF/LA/210,T/LA/395,0,1,7/26/1961 0:00:00,,0,0,0
CF/LA/211,T/LA/263,0,1,,Newton,1,1,0
CF/LA/212,T/LA/264,0,1,,Newton,1,0,0
CF/LA/213,T/LA/265,0,1,,Newton,1,0,0
CF/LA/214,T/LA/374,0,1,,Newton,1,0,0
CF/LA/215,T/LA/402,0,1,,Newton,1,0,0
CF/LA/216,T/LA/379,0,1,,Newton,1,0,0
CF/LA/217,T/LA/378,0,1,7/9/1961 0:00:00,Newton,1,1,0
CF/LA/218,T/LA/262,0,1,,Newton,1,0,0
CF/LA/219,T/LA/403,0,1,,Sunniesyde,1,1,0
CF/LA/22,T/LA/83,0,1,1/12/2029 0:00:00,Edinburgh,0,0,0
CF/LA/220,T/LA/263,0,1,7/6/1961 0:00:00,Sunniesyde,1,1,0
CF/LA/221,T/LA/263,0,1,7/9/1961 0:00:00,Sunniesyde,0,0,0
CF/LA/222,T/LA/374,0,1,7/25/1961 0:00:00,,0,0,1
CF/LA/223,T/LA/379,0,1,7/25/1961 0:00:00,,0,0,1
CF/LA/224,T/LA/402,0,1,7/25/1961 0:00:00,,0,0,1
CF/LA/225,T/LA/293,0,1,7/21/1961 0:00:00,,1,1,0
CF/LA/226,T/LA/293,0,1,7/22/1961 0:00:00,,1,1,0
CF/LA/227,T/LA/293,0,1,7/27/1961 0:00:00,,1,1,0
CF/LA/228,T/LA/293,0,1,8/1/1961 0:00:00,,1,1,0
CF/LA/229,T/LA/293,0,1,8/3/1961 0:00:00,Dalkeith,0,0,1
CF/LA/23,T/LA/15,1,1,,Duns,0,1,0
CF/LA/230,T/LA/410,0,1,8/3/1961 0:00:00,Dalkeith,1,1,0
CF/LA/231,T/LA/299,0,1,8/3/1961 0:00:00,Dalkeith,1,1,0
CF/LA/232,T/LA/298,0,1,8/3/1961 0:00:00,Dalkeith,1,1,0
CF/LA/233,T/LA/411,0,1,7/15/1961 0:00:00,Dalkeith,1,1,0
CF/LA/234,T/LA/410,0,1,7/11/1961 0:00:00,Dalkeith,0,1,0
CF/LA/235,T/LA/292,0,1,7/20/1961 0:00:00,Dalkeith,1,1,0
CF/LA/236,T/LA/293,0,1,7/11/1961 0:00:00,Dalkeith,1,1,0
CF/LA/237,T/LA/414,0,1,,Dalkeith,0,0,0
CF/LA/238,T/LA/297,0,1,7/20/1961 0:00:00,Dalkeith,1,1,0
CF/LA/239,T/LA/413,0,1,7/12/1961 0:00:00,Dalkeith,1,1,0
CF/LA/240,T/LA/413,0,1,7/13/1961 0:00:00,Dalkeith,0,0,0
CF/LA/241,T/LA/298,0,1,7/6/1961 0:00:00,Dalkeith,0,1,0
CF/LA/242,T/LA/298,0,1,7/1/1961 0:00:00,Dalkeith,0,1,0
CF/LA/243,T/LA/298,0,1,7/8/1971 0:00:00,Dalkeith,0,1,0
CF/LA/244,T/LA/298,0,1,7/13/1961 0:00:00,Dalkeith,0,1,0
CF/LA/245,T/LA/299,0,1,7/21/1961 0:00:00,Dalkeith,0,0,0
CF/LA/246,T/LA/299,0,1,7/22/1961 0:00:00,Dalkeith,0,0,0
CF/LA/247,T/LA/299,0,1,7/24/1961 0:00:00,Dalkeith,0,0,0
CF/LA/248,T/LA/299,0,1,7/25/1961 0:00:00,Dalkeith,0,0,0
CF/LA/249,T/LA/410,0,1,7/21/1961 0:00:00,Dalkeith,1,1,0
CF/LA/25,T/LA/88,0,1,11/5/2029 0:00:00,Newbattle Kirk,0,0,0
CF/LA/250,T/LA/410,0,1,7/22/1961 0:00:00,Dalkeith,0,0,0
CF/LA/251,T/LA/410,0,1,7/24/1961 0:00:00,,0,0,0
CF/LA/252,T/LA/410,0,1,7/25/1961 0:00:00,,0,0,0
CF/LA/253,T/LA/414,0,1,7/18/1961 0:00:00,Dalkeith,1,1,0
CF/LA/254,T/LA/414,0,1,7/19/1961 0:00:00,,0,0,0
CF/LA/255,T/LA/414,0,1,7/20/1961 0:00:00,,0,0,0
CF/LA/256,T/LA/414,0,1,7/24/1961 0:00:00,,0,0,0
CF/LA/257,T/LA/414,0,1,7/25/1961 0:00:00,,0,0,0
CF/LA/258,T/LA/416,0,1,,,0,0,0
CF/LA/259,T/LA/429,0,1,,,0,0,0
CF/LA/26,T/LA/25,1,1,,Edinburgh,0,0,0
CF/LA/260,T/LA/430,0,1,,,0,0,0
CF/LA/261,T/LA/437,0,1,,,0,0,0
CF/LA/262,T/LA/438,0,1,,,0,0,0
CF/LA/263,T/LA/439,0,1,,,0,0,0
CF/LA/264,T/LA/440,0,1,,,0,0,0
CF/LA/265,T/LA/441,0,1,,,0,0,0
CF/LA/266,T/LA/446,0,1,,,0,0,0
CF/LA/267,T/LA/472,0,1,,,0,0,0
CF/LA/268,T/LA/454,0,1,,,0,0,0
CF/LA/269,T/LA/477,0,1,,,0,0,0
CF/LA/270,T/LA/498,0,1,6/1/2028 0:00:00,,0,0,0
CF/LA/271,T/LA/499,0,1,6/1/2028 0:00:00,,0,0,0
CF/LA/272,T/LA/501,0,1,,,0,0,0
CF/LA/273,T/LA/502,0,1,6/1/2028 0:00:00,,0,0,0
CF/LA/274,T/LA/500,0,1,6/1/2028 0:00:00,,0,0,0
CF/LA/275,T/LA/508,0,1,6/1/2028 0:00:00,Dumbarton,0,0,0
CF/LA/292,T/LA/780,0,1,,Aberdeen,0,1,0
CF/LA/293,T/LA/799,0,1,11/1/1930 0:00:00,,0,0,0
CF/LA/294,T/LA/803,0,1,5/4/1975 0:00:00,Culross,0,1,0
CF/LA/295,T/LA/803,1,1,7/12/1975 0:00:00,Edinburgh,0,1,0
CF/LA/296,T/LA/804,1,1,7/12/1975 0:00:00,Edinburgh,0,1,0
CF/LA/297,T/LA/804,0,1,5/4/1975 0:00:00,Culross,0,1,0
CF/LA/298,T/LA/805,1,1,7/12/1975 0:00:00,Edinburgh,0,1,0
CF/LA/299,T/LA/805,0,1,5/4/1975 0:00:00,Culross,0,1,0
CF/LA/3,T/LA/15,0,1,,Duns,0,0,0
CF/LA/300,T/LA/806,1,1,7/12/1975 0:00:00,Edinburgh,0,1,0
CF/LA/301,T/LA/806,0,1,5/4/1975 0:00:00,culross,0,1,0
CF/LA/302,T/LA/803,1,1,7/19/1975 0:00:00,Edinburgh,0,1,0
CF/LA/303,T/LA/804,1,1,7/19/1975 0:00:00,Edinburgh,0,1,0
CF/LA/304,T/LA/805,1,1,7/19/1975 0:00:00,Edinburgh,0,1,0
CF/LA/305,T/LA/806,1,1,7/19/1975 0:00:00,Edinburgh,0,1,0
CF/LA/306,T/LA/808,0,1,,Leith,0,1,0
CF/LA/307,T/LA/808,0,1,2/23/1932 0:00:00,Leith,0,0,0
CF/LA/308,T/JO/609,0,1,9/11/1978 0:00:00,Edinburgh,0,1,0
CF/LA/309,T/JO/609,0,1,9/13/1978 0:00:00,Edinburgh,0,0,0
CF/LA/310,T/JO/612,1,1,9/11/1978 0:00:00,Edinburgh,0,1,0
CF/LA/311,T/JO/612,1,1,9/13/1978 0:00:00,Edinburgh,0,1,0
CF/LA/312,T/JO/610,1,1,9/11/1978 0:00:00,Edinburgh,0,1,0
CF/LA/313,T/JO/610,1,1,9/13/1978 0:00:00,Edinburgh,0,1,0
CF/LA/314,T/JO/611,1,1,9/11/1978 0:00:00,Edinburgh,0,1,0
CF/LA/315,T/JO/611,1,1,9/13/1978 0:00:00,Edinburgh,0,1,0
CF/LA/316,T/LA/822,1,1,9/11/1978 0:00:00,Edinburgh,0,1,0
CF/LA/317,T/LA/822,1,1,9/13/1978 0:00:00,Edinburgh,0,1,0
CF/LA/318,T/LA/823,1,1,9/11/1978 0:00:00,Edinburgh,0,1,0
CF/LA/319,T/LA/823,1,1,9/13/1978 0:00:00,Edinburgh,0,1,0
CF/LA/320,T/LA/824,1,1,9/11/1978 0:00:00,Edinburgh,0,1,0
CF/LA/321,T/LA/824,1,1,9/13/1978 0:00:00,Edinburgh,0,1,0
CF/LA/322,T/LA/828,1,1,9/13/1978 0:00:00,Edinburgh,0,1,0
CF/LA/323,T/LA/829,1,1,9/13/1978 0:00:00,Edinburgh,0,0,0
CF/LA/324,T/JO/609,1,1,9/13/1978 0:00:00,Edinburgh,0,0,0
CF/LA/325,T/LA/840,1,1,11/4/1978 0:00:00,Edinburgh,0,1,0
CF/LA/326,T/LA/840,0,1,9/7/1978 0:00:00,Fala,0,1,0
CF/LA/327,T/LA/841,1,1,11/4/1978 0:00:00,Edinburgh,0,1,0
CF/LA/328,T/LA/841,0,1,7/24/1978 0:00:00,Fala,0,1,0
CF/LA/329,T/LA/842,1,1,11/4/1978 0:00:00,Edinburgh,0,1,0
CF/LA/330,T/LA/842,0,1,7/24/1978 0:00:00,Fala,0,1,0
CF/LA/331,T/LA/850,0,1,,,0,0,1
CF/LA/332,T/LA/851,0,1,,,0,0,1
CF/LA/333,T/LA/852,0,1,,,0,0,1
CF/LA/334,T/LA/853,0,1,,,0,0,1
CF/LA/335,T/LA/854,0,1,,,0,0,1
CF/LA/352,T/LA/869,1,1,,Edinburgh,0,1,0
CF/LA/353,T/LA/870,0,1,12/1/1994 0:00:00,Orkney,0,1,1
CF/LA/354,T/LA/873,1,1,9/23/1996 0:00:00,Edinburgh,0,0,0
CF/LA/355,T/LA/50,0,1,,Dalkeith,0,1,0
CF/LA/356,T/LA/370,0,1,5/15/2023 0:00:00,Perth,1,0,0
CF/LA/357,T/LA/873,0,1,8/28/1996 0:00:00,Perth,0,0,0
CF/LA/358,T/LA/873,0,1,8/19/1996 0:00:00,Perth,0,0,0
CF/LA/359,T/LA/873,1,1,9/1/1996 0:00:00,Linlithgow,0,0,0
CF/LA/360,T/LA/870,1,1,12/16/1994 0:00:00,Orkney,0,0,0
CF/LA/361,T/LA/895,0,1,,,0,1,0
CF/LA/362,T/LA/908,0,1,,Edinburgh,0,0,0
CF/LA/363,T/LA/909,0,1,,Edinburgh,0,0,0
CF/LA/392,T/LA/928,0,1,,Edinburgh,0,0,0
CF/LA/393,T/LA/798,0,1,2/22/1931 0:00:00,Banff,0,1,0
CF/LA/394,T/LA/1008,0,1,9/20/1976 0:00:00,Dalkeith,0,0,0
CF/LA/395,T/LA/1010,0,1,,Edinburgh,0,0,0
CF/LA/396,T/JO/515,0,1,9/6/1943 0:00:00,,0,0,0
CF/LA/397,T/LA/1015,0,1,7/2/1949 0:00:00,Eyemouth,1,1,0
CF/LA/398,T/LA/1016,0,1,7/8/1949 0:00:00,Eyemouth,1,1,0
CF/LA/399,T/LA/1018,0,1,7/8/1949 0:00:00,Eyemouth,1,1,0
CF/LA/4,T/LA/15,0,1,,Haddington,0,0,0
CF/LA/400,T/LA/1023,0,1,7/13/1949 0:00:00,Haddington,1,1,0
CF/LA/401,T/LA/1023,0,1,7/16/1949 0:00:00,Haddington,1,1,0
CF/LA/402,T/LA/1037,0,1,,,0,0,0
CF/LA/403,T/LA/1038,0,1,,,0,0,0
CF/LA/404,T/LA/326,0,1,6/1/1949 0:00:00,,0,0,0
CF/LA/405,T/LA/1043,0,1,6/1/1949 0:00:00,,0,0,0
CF/LA/406,T/LA/1044,0,1,6/1/1949 0:00:00,,0,0,0
CF/LA/407,T/LA/1046,0,1,,,0,0,0
CF/LA/408,T/LA/1056,0,1,6/7/1949 0:00:00,Dirleton,1,1,0
CF/LA/409,T/LA/1062,0,1,6/8/1949 0:00:00,Paiston,1,1,0
CF/LA/440,T/LA/1079,0,1,9/29/1944 0:00:00,Lanark,1,1,0
CF/LA/441,T/LA/1078,0,1,9/29/1944 0:00:00,Lanark,0,0,0
CF/LA/442,T/LA/1089,0,1,6/1/1944 0:00:00,Lanark,0,1,0
CF/LA/443,T/LA/1090,0,1,6/1/1944 0:00:00,Lanark,0,0,0
CF/LA/444,T/LA/1096,0,1,2/26/1950 0:00:00,Renfrew,1,0,0
CF/LA/445,T/LA/1102,0,1,12/20/2021 0:00:00,Stirling,1,1,0
CF/LA/446,T/LA/1105,0,1,,,0,0,0
CF/LA/447,T/LA/934,1,1,1/27/1991 0:00:00,Edinburgh,1,0,0
CF/LA/448,T/LA/1115,1,1,5/9/1991 0:00:00,Edinburgh,0,1,0
CF/LA/449,T/LA/1116,0,1,,,0,1,0
CF/LA/450,T/LA/1130,0,1,,,0,1,0
CF/LA/451,T/LA/1131,0,1,,,0,0,0
CF/LA/452,T/LA/1133,0,1,,,0,1,0
CF/LA/454,T/JO/418,0,1,,,0,0,0
CF/LA/455,T/LA/1141,0,1,,,0,0,1
CF/LA/456,T/JO/641,1,1,,,0,1,0
CF/LA/457,T/JO/642,0,1,,,0,0,0
CF/LA/458,T/JO/616,0,1,1/7/1977 0:00:00,Paisley,1,1,0
CF/LA/459,T/JO/615,0,1,1/7/1977 0:00:00,Paisley,1,1,0
CF/LA/460,T/JO/617,0,1,1/7/1977 0:00:00,Pollok,1,1,0
CF/LA/461,T/JO/616,0,1,1/27/1977 0:00:00,,0,0,0
CF/LA/462,T/JO/615,0,1,1/27/1977 0:00:00,,0,0,0
CF/LA/463,T/LA/302,0,1,6/26/1961 0:00:00,Dalkeith,0,1,0
CF/LA/464,T/LA/1200,1,1,,,0,0,0
CF/LA/465,T/LA/1209,0,1,,,0,1,0
CF/LA/466,T/LA/1210,0,1,,,0,1,0
CF/LA/467,T/LA/1151,0,1,,,0,1,0
CF/LA/469,T/LA/1250,0,1,,Pittenweem,0,0,0
CF/LA/470,T/LA/1257,1,1,8/17/1990 0:00:00,Aberdeen,0,0,0
CF/LA/473,T/LA/83,1,1,10/25/2028 0:00:00,Stirling,1,0,0
CF/LA/474,T/LA/83,1,1,1/12/2029 0:00:00,Edinburgh,1,0,0
CF/LA/475,T/LA/15,1,1,8/8/2029 0:00:00,Edinburgh,1,0,0
CF/LA/476,T/LA/15,1,1,10/30/2029 0:00:00,,0,0,0
CF/LA/477,T/LA/15,1,1,7/18/2029 0:00:00,Duns,0,1,0
CF/LA/478,T/LA/15,1,1,11/25/2029 0:00:00,,0,0,0
CF/LA/479,T/LA/15,1,1,1/16/1930 0:00:00,,0,0,0
CF/LA/480,T/LA/15,1,1,7/22/2029 0:00:00,Haddington Presbytery,0,0,0
CF/LA/481,T/LA/146,0,1,7/6/2029 0:00:00,Eyemouth,0,0,0
CF/LA/482,T/LA/645,0,1,7/22/2029 0:00:00,Eyemouth,0,1,0
CF/LA/483,T/LA/142,0,1,3/14/2029 0:00:00,Eyemouth,0,1,0
CF/LA/484,T/LA/1281,0,1,3/14/2029 0:00:00,,0,0,0
CF/LA/485,T/LA/1289,0,1,1/14/1958 0:00:00,Dysart,1,0,0
CF/LA/486,T/LA/1290,0,1,12/17/1957 0:00:00,Dysart,0,1,0
CF/LA/487,T/LA/1291,0,1,12/17/1957 0:00:00,Dysart,0,0,0
CF/LA/488,T/LA/1293,0,1,10/25/1943 0:00:00,Dysart,0,0,0
CF/LA/489,T/LA/1290,0,1,2/2/1958 0:00:00,Dysart,0,1,0
CF/LA/490,T/LA/1290,0,1,1/7/1958 0:00:00,Dysart,0,0,0
CF/LA/491,T/LA/1137,0,1,,Stirling,0,0,0
CF/LA/494,T/LA/1103,0,1,,,0,0,0
CF/LA/495,T/LA/1003,0,1,,,0,0,0
CF/LA/496,T/LA/1407,0,1,,,0,0,0
CF/LA/497,T/LA/1409,0,1,,,0,0,0
CF/LA/498,T/JO/609,0,1,6/27/1978 0:00:00,Edinburgh,0,0,0
CF/LA/499,T/JO/610,0,1,7/1/1978 0:00:00,,0,1,0
CF/LA/5,T/LA/15,1,1,,Edinburgh,0,0,1
CF/LA/500,T/JO/610,0,1,6/21/1978 0:00:00,,0,0,0
CF/LA/501,T/JO/610,0,1,6/27/1978 0:00:00,,0,0,0
CF/LA/502,T/JO/610,0,1,7/20/1978 0:00:00,,0,1,0
CF/LA/503,T/JO/610,1,1,6/21/1978 0:00:00,,0,0,0
CF/LA/504,T/JO/612,0,1,6/29/1978 0:00:00,Paiston,0,1,0
CF/LA/505,T/JO/611,0,1,7/1/1978 0:00:00,Paiston,0,1,0
CF/LA/506,T/LA/835,0,1,6/29/1978 0:00:00,Paiston,0,1,0
CF/LA/507,T/LA/831,0,1,6/19/1978 0:00:00,Paiston,0,1,0
CF/LA/508,T/LA/837,0,1,7/9/1978 0:00:00,Keith,0,1,0
CF/LA/509,T/LA/1448,0,1,7/20/1978 0:00:00,Keith,0,1,0
CF/LA/510,T/LA/1451,0,1,7/9/1978 0:00:00,Keith,0,1,0
CF/LA/511,T/LA/851,0,1,11/29/1979 0:00:00,Bo'ness,0,1,0
CF/LA/512,T/LA/852,0,1,11/24/1979 0:00:00,Bo'ness,0,1,0
CF/LA/513,T/LA/853,0,1,1/22/1980 0:00:00,bo'ness,0,1,0
CF/LA/514,T/LA/854,0,1,11/27/1979 0:00:00,Bo'ness,0,1,0
CF/LA/519,T/LA/1498,0,1,,Canongate,0,1,0
CF/LA/520,T/LA/1499,0,1,,,0,0,0
CF/LA/521,T/LA/37,0,1,11/29/1943 0:00:00,Edinburgh,1,0,0
CF/LA/522,T/LA/37,0,1,12/1/1943 0:00:00,Edinburgh,1,0,0
CF/LA/523,T/LA/38,0,1,12/4/1943 0:00:00,Edinburgh,0,1,0
CF/LA/524,T/LA/38,0,1,12/6/1943 0:00:00,Edinburgh,0,1,0
CF/LA/525,T/LA/38,0,1,12/7/1943 0:00:00,Edinburgh,0,1,0
CF/LA/526,T/LA/38,0,1,12/13/1943 0:00:00,Edinburgh,0,0,0
CF/LA/527,T/JO/90,0,1,4/9/1949 0:00:00,Haddington,1,0,0
CF/LA/528,T/LA/1528,0,1,1/9/1949 0:00:00,,0,0,0
CF/LA/529,T/LA/1548,0,1,1/10/1949 0:00:00,Inverkeithing,0,1,0
CF/LA/530,T/LA/1129,0,1,,,0,1,0
CF/LA/531,T/LA/1565,0,1,,,0,0,0
CF/LA/532,T/LA/1128,0,1,,,0,0,0
CF/LA/533,T/LA/1126,0,1,,,0,0,0
CF/LA/534,T/LA/1122,0,1,4/1/1958 0:00:00,,0,0,0
CF/LA/535,T/LA/1294,0,1,7/22/1958 0:00:00,,0,1,0
CF/LA/536,T/LA/1620,0,1,2/21/1959 0:00:00,Dunbar,0,1,0
CF/LA/537,T/LA/1626,0,1,2/21/1959 0:00:00,Dunbar,0,1,0
CF/LA/538,T/LA/1624,0,1,2/21/1959 0:00:00,Dunbar,0,1,0
CF/LA/539,T/LA/1622,0,1,8/21/1959 0:00:00,Dunbar,0,1,0
CF/LA/540,T/LA/1629,0,1,3/2/1959 0:00:00,Stenton,0,1,0
CF/LA/541,T/LA/1630,0,1,3/14/1959 0:00:00,,0,0,0
CF/LA/542,T/LA/1141,0,1,,,1,0,0
CF/LA/543,T/LA/1633,0,1,,,0,1,0
CF/LA/544,T/LA/1257,0,1,6/17/1990 0:00:00,Aberdeen,0,1,0
CF/LA/545,T/LA/1647,1,1,6/1/1991 0:00:00,,1,0,1
CF/LA/546,T/LA/1649,0,1,6/1/1991 0:00:00,,0,1,0
CF/LA/547,T/LA/1651,0,1,6/1/1991 0:00:00,,0,1,0
CF/LA/549,T/LA/1674,0,1,5/1/1990 0:00:00,Edinburgh,0,1,0
CF/LA/550,T/LA/934,0,1,,,1,0,0
CF/LA/551,T/LA/1676,0,1,,,0,0,0
CF/LA/552,T/LA/50,0,1,12/10/2007 0:00:00,Edinburgh,0,0,0
CF/LA/553,T/LA/50,0,1,9/3/2007 0:00:00,Dalkeith,1,0,0
CF/LA/554,T/LA/50,0,1,9/10/2007 0:00:00,Dalkeith,0,0,0
CF/LA/555,T/LA/50,0,1,9/18/2007 0:00:00,Dalkeith,0,0,0
CF/LA/556,T/LA/50,0,1,9/29/2007 0:00:00,Dalkeith,0,0,0
CF/LA/557,T/LA/1679,0,1,4/28/1959 0:00:00,Tranent,1,0,0
CF/LA/558,T/LA/1683,0,1,4/27/1959 0:00:00,,0,0,0
CF/LA/559,T/LA/1693,0,1,4/27/1959 0:00:00,,0,0,0
CF/LA/560,T/LA/1699,0,1,4/4/1959 0:00:00,Tranent,0,1,0
CF/LA/561,T/LA/1699,0,1,4/27/1959 0:00:00,,0,0,0
CF/LA/562,T/LA/1700,0,1,,Tranent,0,1,0
CF/LA/563,T/LA/1702,0,1,3/29/1959 0:00:00,Prestonpans,0,1,0
CF/LA/564,T/LA/1702,0,1,4/27/1959 0:00:00,,0,0,0
CF/LA/565,T/LA/1718,0,1,4/6/1959 0:00:00,,0,0,0
CF/LA/566,T/LA/1718,0,1,4/27/1959 0:00:00,,0,0,0
CF/LA/567,T/LA/1719,0,1,4/27/1959 0:00:00,,0,0,0
CF/LA/568,T/LA/1721,0,1,4/27/1959 0:00:00,,0,1,0
CF/LA/569,T/LA/1723,0,1,4/27/1959 0:00:00,Tranent,0,1,0
CF/LA/570,T/LA/1721,0,1,4/22/1959 0:00:00,,0,1,0
CF/LA/571,T/LA/1721,0,1,4/23/1959 0:00:00,,0,1,0
CF/LA/572,T/LA/244,0,1,,,0,0,0
CF/LA/573,T/LA/1751,0,1,,,0,1,0
CF/LA/574,T/LA/1752,0,1,,,0,1,0
CF/LA/575,T/LA/1758,0,1,,,0,1,0
CF/LA/576,T/LA/1757,0,1,,,0,1,0
CF/LA/577,T/LA/1756,0,1,,,0,1,0
CF/LA/578,T/LA/1755,0,1,,,0,1,0
CF/LA/579,T/LA/1754,0,1,,,0,1,0
CF/LA/580,T/LA/1753,0,1,,,0,1,0
CF/LA/581,T/LA/1759,0,1,,,0,1,0
CF/LA/582,T/LA/1760,0,1,,,0,1,0
CF/LA/583,T/LA/1761,0,1,,,0,1,0
CF/LA/584,T/LA/1762,0,1,,,0,1,0
CF/LA/585,T/LA/1763,0,1,,,0,1,0
CF/LA/586,T/LA/1765,0,1,,,0,0,0
CF/LA/587,T/LA/1766,0,1,,,0,0,0
CF/LA/588,T/LA/1767,0,1,,,0,0,0
CF/LA/589,T/LA/1768,0,1,,,0,0,0
CF/LA/590,T/LA/1769,0,1,,,0,0,0
CF/LA/591,T/LA/1770,0,1,,,0,0,0
CF/LA/592,T/LA/1771,0,1,,,0,0,0
CF/LA/593,T/LA/1772,0,1,,,0,0,0
CF/LA/594,T/LA/1774,0,1,,,0,0,0
CF/LA/595,T/LA/1775,0,1,,,0,0,0
CF/LA/596,T/LA/1777,0,1,,,0,0,0
CF/LA/597,T/LA/1778,0,1,,,0,0,0
CF/LA/598,T/LA/1779,0,1,,,0,0,0
CF/LA/599,T/LA/1780,0,1,,,0,0,0
CF/LA/6,T/LA/29,0,1,,Edinburgh,0,0,0
CF/LA/60,T/LA/149,0,1,,,0,0,0
CF/LA/600,T/LA/1781,0,1,,,0,0,0
CF/LA/602,T/LA/1783,0,1,,,0,0,0
CF/LA/603,T/LA/1785,0,1,,,0,0,0
CF/LA/604,T/LA/1786,0,1,,,0,0,0
CF/LA/605,T/LA/1787,0,1,,,0,0,0
CF/LA/606,T/LA/1800,0,1,,,0,0,0
CF/LA/607,T/LA/1805,0,1,,,0,0,0
CF/LA/608,T/LA/1803,0,1,,,0,0,0
CF/LA/609,T/LA/1813,0,1,,,0,0,0
CF/LA/61,T/JO/90,0,1,3/31/1949 0:00:00,Tranent,0,1,0
CF/LA/610,T/LA/1820,0,1,6/1/2013 0:00:00,,0,0,0
CF/LA/611,T/JO/1000,0,1,4/14/1962 0:00:00,Inshoch,1,0,0
CF/LA/612,T/JO/1001,0,1,4/13/1962 0:00:00,Auldearn,1,0,0
CF/LA/613,T/JO/1001,0,1,5/3/1962 0:00:00,Auldearn,1,0,0
CF/LA/614,T/JO/1001,0,1,5/15/1962 0:00:00,Auldearn,1,0,0
CF/LA/615,T/JO/1001,0,1,5/27/1962 0:00:00,Auldearn,1,0,0
CF/LA/616,T/LA/1904,0,1,,,0,0,0
CF/LA/617,T/LA/1905,0,1,,,0,0,0
CF/LA/618,T/LA/908,0,1,,Inch,0,0,0
CF/LA/619,T/LA/1937,0,1,,,0,0,0
CF/LA/636,T/LA/1952,0,1,,,0,0,0
CF/LA/637,T/LA/1953,0,1,,,0,0,0
CF/LA/638,T/LA/1954,0,1,,,0,0,0
CF/LA/639,T/LA/1955,0,1,,,0,0,0
CF/LA/640,T/LA/1956,0,1,,,0,0,0
CF/LA/641,T/LA/1957,0,1,,,0,0,0
CF/LA/642,T/LA/1958,0,1,,,0,0,0
CF/LA/643,T/LA/1959,0,1,,,0,0,0
CF/LA/644,T/LA/1960,0,1,,,0,0,0
CF/LA/645,T/LA/1961,0,1,,,0,0,0
CF/LA/646,T/LA/1968,0,1,,,0,0,0
CF/LA/647,T/LA/1969,0,1,,,0,0,0
CF/LA/648,T/LA/1970,0,1,,,0,0,0
CF/LA/649,T/JO/787,0,1,,,0,0,0
CF/LA/650,T/LA/1972,0,1,,,0,0,0
CF/LA/651,T/LA/1973,0,1,,,0,0,0
CF/LA/652,T/LA/1974,0,1,,,0,0,0
CF/LA/653,T/LA/1975,0,1,,,0,0,0
CF/LA/654,T/LA/1976,0,1,,,0,0,0
CF/LA/655,T/LA/1985,0,1,,,0,0,0
CF/LA/656,T/LA/1986,0,1,,,0,0,0
CF/LA/657,T/LA/1987,0,1,,,0,0,0
CF/LA/658,T/LA/1988,0,1,,,0,0,0
CF/LA/659,T/LA/1989,0,1,,,0,0,0
CF/LA/660,T/LA/1990,0,1,,,0,0,0
CF/LA/661,T/LA/1991,0,1,,,0,0,0
CF/LA/662,T/LA/1992,0,1,,,0,0,0
CF/LA/663,T/LA/1993,0,1,,,0,0,0
CF/LA/664,T/LA/1994,0,1,,,0,0,0
CF/LA/665,T/LA/1995,0,1,,,0,0,0
CF/LA/666,T/LA/1996,0,1,,,0,0,0
CF/LA/667,T/JO/1440,0,1,,,0,0,0
CF/LA/668,T/LA/2004,0,1,,,0,0,0
CF/LA/669,T/LA/2005,0,1,,,0,0,0
CF/LA/670,T/LA/2006,0,1,,,0,0,0
CF/LA/672,T/LA/2008,0,1,,,0,0,0
CF/LA/673,T/LA/2009,0,1,10/1/1949 0:00:00,,0,0,0
CF/LA/674,T/LA/2011,0,1,,,0,0,0
CF/LA/675,T/LA/2012,0,1,,,0,0,0
CF/LA/676,T/LA/2013,0,1,10/1/1949 0:00:00,,0,0,0
CF/LA/677,T/LA/2014,0,1,,,0,0,0
CF/LA/678,T/LA/2016,0,1,,,0,0,0
CF/LA/679,T/LA/2017,0,1,,,0,0,0
CF/LA/680,T/LA/2018,0,1,,,0,0,0
CF/LA/681,T/LA/2055,0,1,,,0,0,0
CF/LA/682,T/LA/2056,0,1,,,0,0,0
CF/LA/683,T/LA/2057,0,1,,,0,0,0
CF/LA/684,T/LA/2058,0,1,,,0,0,0
CF/LA/685,T/LA/2061,0,1,,,0,0,0
CF/LA/686,T/LA/2062,0,1,,,0,0,0
CF/LA/687,T/LA/2063,0,1,,,0,0,0
CF/LA/688,T/LA/2064,0,1,,,0,0,0
CF/LA/689,T/LA/2065,0,1,,,0,0,0
CF/LA/690,T/LA/2066,0,1,,,0,0,0
CF/LA/691,T/LA/2067,0,1,,,0,0,0
CF/LA/692,T/JO/574,0,1,,,0,0,0
CF/LA/693,T/LA/2068,0,1,,,0,0,0
CF/LA/694,T/LA/2074,0,1,,,0,0,0
CF/LA/695,T/LA/2075,0,1,,,0,0,0
CF/LA/696,T/LA/2076,0,1,,,0,0,0
CF/LA/697,T/LA/2077,0,1,,,0,0,0
CF/LA/698,T/LA/2078,0,1,,,0,0,0
CF/LA/699,T/LA/2079,0,1,,,0,0,0
CF/LA/7,T/LA/35,0,1,,,0,0,0
CF/LA/700,T/LA/2080,0,1,,,0,0,0
CF/LA/701,T/LA/2081,0,1,,,0,0,0
CF/LA/702,T/LA/2082,0,1,,,0,0,0
CF/LA/703,T/LA/2083,0,1,,,0,0,0
CF/LA/704,T/LA/2084,0,1,,,0,0,0
CF/LA/705,T/LA/2085,0,1,,,0,0,0
CF/LA/713,T/JO/1706,0,1,,,0,0,0
CF/LA/721,T/LA/2232,0,1,,Edinburgh,0,0,0
CF/LA/722,T/LA/806,0,1,,Culross,0,0,0
CF/LA/723,T/LA/805,0,1,,Edinburgh,0,0,0
CF/LA/724,T/LA/804,0,1,,Edinburgh,0,0,0
CF/LA/725,T/LA/803,0,1,,Edinburgh,0,0,0
CF/LA/8,T/LA/37,0,1,11/22/1943 0:00:00,Edinburgh,1,0,0
CF/LA/9,T/LA/38,0,1,12/7/1943 0:00:00,Edinburgh,0,0,1